Date,Name,Year,Letterboxd URI,Rating,Rewatch,Tags,Watched Date
2023-09-17,Barbie,2023,https://boxd.it/4R9E2N,2,,,2023-07-19
2023-09-05,Full Metal Jacket,1987,https://boxd.it/4NJvjV,4,Yes,,2023-09-04
2023-09-05,The Hateful Eight,2015,https://boxd.it/4NRZGL,4,,,2023-09-05
2023-09-12,Fear and Loathing in Las Vegas,1998,https://boxd.it/4PUUcF,3.5,,,2023-09-12
2023-09-17,Jackie Brown,1997,https://boxd.it/4R2EYt,4,,,2023-09-16
2023-09-17,Death Proof,2007,https://boxd.it/4R2F7b,3,,,2023-09-16
2023-09-17,Hereditary,2018,https://boxd.it/4R5qMJ,5,,,2023-09-16
2023-09-17,Pulp Fiction,1994,https://boxd.it/4R9xab,5,Yes,,2023-09-17
2023-09-18,From Dusk Till Dawn,1996,https://boxd.it/4Rzo2T,1.5,,,2023-09-18
2023-09-21,The Grand Budapest Hotel,2014,https://boxd.it/4SmdcV,5,,,2023-09-21
2023-10-06,Talk to Me,2022,https://boxd.it/4WQEdH,3,,,2023-10-05
2023-10-22,Donnie Darko,2001,https://boxd.it/52a8hH,5,,,2023-10-22
2023-12-28,"Miraculous: Ladybug & Cat Noir, The Movie",2023,https://boxd.it/5pOjor,3.5,,,2023-12-27
2023-12-29,Dune,2021,https://boxd.it/5qlhE9,4,,,2023-12-28
2024-03-30,Dune: Part Two,2024,https://boxd.it/6ah9Rv,5,,,2024-03-24
2024-04-26,Steve Jobs,2015,https://boxd.it/6luFy1,3,,,2024-04-25
2024-04-26,Boogie Nights,1997,https://boxd.it/6lA8VN,2,,,2024-04-26
2024-09-22,Buzz House: The Movie,2024,https://boxd.it/7nEgrP,1,,,2024-04-28
2024-05-02,The Thing,1982,https://boxd.it/6oc78z,5,,,2024-05-02
2024-07-13,Everything Everywhere All at Once,2022,https://boxd.it/6RyO3n,1,,,2024-07-13
2024-07-13,The Goat and Her Three Kids,2022,https://boxd.it/6Rz47v,3.5,,,2024-07-13
2024-08-24,"Blind Willow, Sleeping Woman",2022,https://boxd.it/7alVl9,4,,,2024-08-23
2024-11-28,Graduation,2016,https://boxd.it/7UV51n,3.5,,,2024-08-28
2024-09-14,Get Out,2017,https://boxd.it/7jZ0Gb,2,,,2024-09-13
2024-09-18,Divergent,2014,https://boxd.it/7lQrWl,2,,,2024-09-17
2024-09-22,Insurgent,2015,https://boxd.it/7nzo11,2.5,,,2024-09-21
2024-09-22,Tomb Raider,2018,https://boxd.it/7nDysf,3.5,,,2024-09-22
2024-09-22,Kingsman: The Secret Service,2014,https://boxd.it/7nIECF,4,,,2024-09-22
2024-09-24,The Day After Tomorrow,2004,https://boxd.it/7oyADN,3.5,,,2024-09-23
2024-09-24,Call Me by Your Name,2017,https://boxd.it/7oFBFp,4.5,,,2024-09-24
2024-10-02,The Breakfast Club,1985,https://boxd.it/7sgkgD,3.5,,,2024-10-01
2024-10-11,Joker: Folie à Deux,2024,https://boxd.it/7wiOPN,2,,,2024-10-11
2024-10-30,Boyz n the Hood,1991,https://boxd.it/7G0EqR,4,,,2024-10-29
2024-10-31,Thirteen,2003,https://boxd.it/7GtQ8X,3.5,,,2024-10-30
2024-11-29,Deliverance,1972,https://boxd.it/7VhapD,3,,,2024-11-02
2024-11-04,Blue Velvet,1986,https://boxd.it/7IL45v,4,,,2024-11-03
2024-11-28,Eternal Sunshine of the Spotless Mind,2004,https://boxd.it/7UUWId,4.5,,,2024-11-28
2024-11-29,Dazed and Confused,1993,https://boxd.it/7VmPFH,5,,,2024-11-29
2024-12-01,Indiana Jones and the Kingdom of the Crystal Skull,2008,https://boxd.it/7WsHzd,1,,,2024-12-01
2024-12-15,Super 8,2011,https://boxd.it/83DI0D,2.5,,,2024-12-15
2024-12-17,Wicked,2024,https://boxd.it/84BeZ7,2.5,,,2024-12-17
2024-12-31,Dirty Harry,1971,https://boxd.it/8eSN9p,3,,,2024-12-31
2025-01-15,All Quiet on the Western Front,2022,https://boxd.it/8txy51,4,,,2025-01-09
2025-01-15,Interstellar,2014,https://boxd.it/8txzA5,5,Yes,,2025-01-13
2025-01-16,The Substance,2024,https://boxd.it/8uoe6T,3.5,,,2025-01-14
2025-01-16,Nosferatu,2024,https://boxd.it/8uoBGv,4,,,2025-01-15
2025-02-03,Babygirl,2024,https://boxd.it/8HYBbr,3.5,,,2025-01-22
2025-03-02,A Complete Unknown,2024,https://boxd.it/8ZBoZJ,3.5,,,2025-02-03
2025-02-23,One Flew Over the Cuckoo's Nest,1975,https://boxd.it/8VfcyV,4.5,,,2025-02-23
2025-03-02,Mentors,2025,https://boxd.it/8ZBjFz,2.5,,,2025-02-28
2025-03-11,Greenland,2020,https://boxd.it/95vRp3,,,,2025-03-09
2025-04-06,Close Encounters of the Third Kind,1977,https://boxd.it/9kbG4N,3.5,,,2025-04-05
2025-04-11,Eyes Wide Shut,1999,https://boxd.it/9nhNsh,5,,,2025-04-11
2025-05-03,Dead Poets Society,1989,https://boxd.it/9AmBjz,4.5,,,2025-05-03
2025-05-17,Blade Runner,1982,https://boxd.it/9I8iH7,5,Yes,,2025-05-16
2025-08-14,Se7en,1995,https://boxd.it/aIN9Rn,4,,,2025-08-13
2025-08-17,High Plains Drifter,1973,https://boxd.it/aKRMaX,4.5,,,2025-08-16
2025-08-18,Raiders of the Lost Ark,1981,https://boxd.it/aLt2hT,4,,,2025-08-16
2025-09-04,The Karate Kid,1984,https://boxd.it/aXC2mv,3.5,,,2025-08-28
2025-09-17,The Long Walk,2025,https://boxd.it/b5HnwX,3,,,2025-09-13
2025-09-26,Children of Men,2006,https://boxd.it/bbeG3h,4,,,2025-09-26
2026-01-04,"The Good, the Bad and the Ugly",1966,https://boxd.it/cqwMhD,4.5,,,2026-01-03
2026-01-05,The Oak,1992,https://boxd.it/crJOUn,4.5,,,2026-01-04
2026-02-06,The Big Short,2015,https://boxd.it/d0ja9J,2,,,2026-02-03
2026-02-06,Marty Supreme,2025,https://boxd.it/d0jaPb,4.5,,,2026-02-05
2026-02-08,Annihilation,2018,https://boxd.it/d2cv11,2,,,2026-02-06
2026-03-06,Nuremberg,2025,https://boxd.it/dp509r,2.5,,,2026-02-28
2026-03-12,Reconstruction,1968,https://boxd.it/du6VWx,4.5,,,2026-03-11
2026-04-04,The Room,2003,https://boxd.it/dO3h6l,1,,,2026-04-02
2026-04-04,Project Hail Mary,2026,https://boxd.it/dO3hpx,4.5,,,2026-04-02
2026-04-08,Wuthering Heights,2026,https://boxd.it/dSQfAx,2,,,2026-04-07
2026-04-11,The Revenant,2015,https://boxd.it/dUPnGJ,3,,,2026-04-10
2026-07-08,Obsession,2025,https://boxd.it/f7PNWt,4.5,,,2026-07-07
