Date,Name,Year,Letterboxd URI,Rating
2023-09-04,Interstellar,2014,https://boxd.it/4VZ8,5
2023-09-04,Whiplash,2014,https://boxd.it/7bQA,5
2023-09-04,Inception,2010,https://boxd.it/1skk,2.5
2023-09-04,Uncut Gems,2019,https://boxd.it/gXGc,5
2023-09-04,Trainspotting,1996,https://boxd.it/29XY,5
2023-09-05,Kill Bill: Vol. 1,2003,https://boxd.it/70w,5
2023-09-05,Kill Bill: Vol. 2,2004,https://boxd.it/2au4,4
2023-09-05,Barbie,2023,https://boxd.it/bCLK,2
2023-09-05,Full Metal Jacket,1987,https://boxd.it/2a1Q,4
2023-09-05,Inglourious Basterds,2009,https://boxd.it/1JzG,5
2023-09-05,The Hateful Eight,2015,https://boxd.it/8gw8,4
2023-09-06,Pulp Fiction,1994,https://boxd.it/29Pq,5
2023-09-08,Requiem for a Dream,2000,https://boxd.it/29VI,2
2023-09-08,The Batman,2022,https://boxd.it/eDGs,3.5
2023-09-08,Black Widow,2021,https://boxd.it/hWV8,3
2023-09-08,Spider-Man: No Way Home,2021,https://boxd.it/nwRw,3
2023-09-08,Star Wars: The Rise of Skywalker,2019,https://boxd.it/5xlK,1.5
2023-09-08,The Irishman,2019,https://boxd.it/dYOq,4
2023-09-08,Joker,2019,https://boxd.it/h4cS,4.5
2023-09-08,Spider-Man: Far From Home,2019,https://boxd.it/fegG,2.5
2023-09-08,Parasite,2019,https://boxd.it/hTha,5
2023-09-08,Once Upon a Time... in Hollywood,2019,https://boxd.it/gH0O,4
2023-09-08,John Wick: Chapter 3 – Parabellum,2019,https://boxd.it/gmFw,3
2023-09-08,Avengers: Endgame,2019,https://boxd.it/9vE4,3
2023-09-08,Captain Marvel,2019,https://boxd.it/9vSA,2
2023-09-08,Bird Box,2018,https://boxd.it/eh1i,3
2023-09-08,Blade Runner 2049,2017,https://boxd.it/b8wK,4.5
2023-09-08,Black Panther,2018,https://boxd.it/8MHs,3
2023-09-08,A Quiet Place,2018,https://boxd.it/fVJQ,3.5
2023-09-08,Avengers: Infinity War,2018,https://boxd.it/9vEe,2
2023-09-08,Bohemian Rhapsody,2018,https://boxd.it/f1TK,3
2023-09-08,Thor: Ragnarok,2017,https://boxd.it/8MHi,2.5
2023-09-08,It,2017,https://boxd.it/bC8e,3
2023-09-09,Dunkirk,2017,https://boxd.it/d0Y6,3.5
2023-09-09,Spider-Man: Homecoming,2017,https://boxd.it/aboM,3.5
2023-09-09,John Wick: Chapter 2,2017,https://boxd.it/ayGu,3
2023-09-09,The Shining,1980,https://boxd.it/29Nu,4
2023-09-09,Blade Runner,1982,https://boxd.it/2bcA,5
2023-09-09,Reservoir Dogs,1992,https://boxd.it/2agc,4.5
2023-09-09,Forrest Gump,1994,https://boxd.it/728,5
2023-09-09,The Matrix,1999,https://boxd.it/2a1m,4
2023-09-09,Taxi Driver,1976,https://boxd.it/2b8y,5
2023-09-09,No Country for Old Men,2007,https://boxd.it/21ew,5
2023-09-09,Iron Man,2008,https://boxd.it/28dA,4
2023-09-09,The Dark Knight,2008,https://boxd.it/2b0k,4
2023-09-09,Iron Man 2,2010,https://boxd.it/1WZM,3.5
2023-09-09,Drive,2011,https://boxd.it/IG,4
2023-09-10,There Will Be Blood,2007,https://boxd.it/20Z2,5
2023-09-12,Jaws,1975,https://boxd.it/2a5e,4.5
2023-09-17,Jackie Brown,1997,https://boxd.it/2aVO,4
2023-09-17,Death Proof,2007,https://boxd.it/27GG,3
2023-09-18,From Dusk Till Dawn,1996,https://boxd.it/29HQ,1.5
2023-10-06,Talk to Me,2022,https://boxd.it/C6uQ,3
2023-10-22,Donnie Darko,2001,https://boxd.it/2b2A,5
2023-12-28,"Miraculous: Ladybug & Cat Noir, The Movie",2023,https://boxd.it/hUGA,3.5
2024-03-30,Dune: Part Two,2024,https://boxd.it/pUfA,5
2024-03-30,Dune,2021,https://boxd.it/fA7G,4
2024-04-26,Steve Jobs,2015,https://boxd.it/araG,3
2024-04-26,Oppenheimer,2023,https://boxd.it/wUow,4
2024-04-26,Boogie Nights,1997,https://boxd.it/23um,2
2024-05-02,The Thing,1982,https://boxd.it/294O,5
2024-07-13,Everything Everywhere All at Once,2022,https://boxd.it/jUk4,1
2024-07-13,The Goat and Her Three Kids,2022,https://boxd.it/C014,3.5
2024-08-24,"Blind Willow, Sleeping Woman",2022,https://boxd.it/phTc,4
2024-08-26,El Camino: A Breaking Bad Movie,2019,https://boxd.it/kv0q,2.5
2024-08-26,Avatar: The Way of Water,2022,https://boxd.it/2E2E,2.5
2024-08-26,Minions: The Rise of Gru,2022,https://boxd.it/fz9w,2
2024-08-26,Guardians of the Galaxy Vol. 2,2017,https://boxd.it/8MxC,3
2024-08-26,Pirates of the Caribbean: Dead Men Tell No Tales,2017,https://boxd.it/5a9m,1
2024-08-26,Fantastic Beasts and Where to Find Them,2016,https://boxd.it/7FPC,2
2024-08-26,Doctor Strange,2016,https://boxd.it/8MH8,3
2024-08-26,Captain America: Civil War,2016,https://boxd.it/89Ja,3
2024-08-26,Deadpool,2016,https://boxd.it/9fOC,3.5
2024-08-26,Star Wars: The Force Awakens,2015,https://boxd.it/4vru,2.5
2024-08-26,Ant-Man,2015,https://boxd.it/3vmW,3
2024-08-26,Jurassic World,2015,https://boxd.it/4n0g,1.5
2024-08-26,Mad Max: Fury Road,2015,https://boxd.it/2DjO,4
2024-08-26,Avengers: Age of Ultron,2015,https://boxd.it/3qi6,2.5
2024-08-26,John Wick,2014,https://boxd.it/7dEc,3.5
2024-08-26,Nightcrawler,2014,https://boxd.it/780m,4
2024-08-26,Guardians of the Galaxy,2014,https://boxd.it/3VH2,3
2024-08-26,The Amazing Spider-Man 2,2014,https://boxd.it/3utM,3.5
2024-08-26,Captain America: The Winter Soldier,2014,https://boxd.it/3r58,3
2024-08-26,The Wolf of Wall Street,2013,https://boxd.it/3C1m,4
2024-08-26,Thor: The Dark World,2013,https://boxd.it/2DqA,2
2024-08-26,Marvel One-Shot: Agent Carter,2013,https://boxd.it/6jeC,3
2024-08-26,Iron Man 3,2013,https://boxd.it/2cBQ,3.5
2024-08-26,Captain America: The First Avenger,2011,https://boxd.it/28b0,3.5
2024-08-26,The Dark Knight Rises,2012,https://boxd.it/H3m,3.5
2024-08-26,The Amazing Spider-Man,2012,https://boxd.it/27PI,2.5
2024-08-26,The Avengers,2012,https://boxd.it/1xFW,2.5
2024-08-26,Harry Potter and the Deathly Hallows: Part 2,2011,https://boxd.it/1RYk,2.5
2024-08-26,Pirates of the Caribbean: On Stranger Tides,2011,https://boxd.it/27Z4,2
2024-08-26,Thor,2011,https://boxd.it/1WQU,3
2024-08-26,Harry Potter and the Deathly Hallows: Part 1,2010,https://boxd.it/1RYu,3
2024-08-26,The Social Network,2010,https://boxd.it/17ue,4
2024-08-26,Avatar,2009,https://boxd.it/1Efm,3
2024-08-26,The Human Centipede (First Sequence),2009,https://boxd.it/18Tu,1.5
2024-08-26,Harry Potter and the Half-Blood Prince,2009,https://boxd.it/29FU,3
2024-08-26,The Incredible Hulk,2008,https://boxd.it/28dU,2
2024-08-26,Harry Potter and the Order of the Phoenix,2007,https://boxd.it/29Qe,3
2024-08-26,Pirates of the Caribbean: At World's End,2007,https://boxd.it/2aGu,2.5
2024-08-26,Spider-Man 3,2007,https://boxd.it/2a7Y,2
2024-08-26,Zodiac,2007,https://boxd.it/27MO,1
2024-08-26,Pirates of the Caribbean: Dead Man's Chest,2006,https://boxd.it/2bfk,3
2024-08-26,Harry Potter and the Goblet of Fire,2005,https://boxd.it/29Qo,3
2024-08-26,Brokeback Mountain,2005,https://boxd.it/2b2q,4.5
2024-08-26,Batman Begins,2005,https://boxd.it/2aIg,3.5
2024-08-26,Star Wars: Episode III – Revenge of the Sith,2005,https://boxd.it/27US,3.5
2024-08-26,Spider-Man 2,2004,https://boxd.it/2a88,3.5
2024-08-26,Harry Potter and the Prisoner of Azkaban,2004,https://boxd.it/29Qy,3.5
2024-08-26,The Matrix Revolutions,2003,https://boxd.it/2a12,2.5
2024-08-26,Pirates of the Caribbean: The Curse of the Black Pearl,2003,https://boxd.it/70G,3.5
2024-08-26,The Texas Chainsaw Massacre,2003,https://boxd.it/1YQs,2.5
2024-08-26,The Matrix Reloaded,2003,https://boxd.it/2a1c,3
2024-08-26,The Lord of the Rings: The Two Towers,2002,https://boxd.it/2b5E,4
2024-08-26,Harry Potter and the Chamber of Secrets,2002,https://boxd.it/29QI,3
2024-08-26,Star Wars: Episode II – Attack of the Clones,2002,https://boxd.it/27V2,2
2024-08-26,Spider-Man,2002,https://boxd.it/2a8i,2.5
2024-08-26,The Lord of the Rings: The Fellowship of the Ring,2001,https://boxd.it/2b5O,4
2024-08-26,Harry Potter and the Philosopher's Stone,2001,https://boxd.it/29QS,3
2024-08-26,American Psycho,2000,https://boxd.it/28Vs,4.5
2024-08-26,Fight Club,1999,https://boxd.it/2a9q,4.5
2024-08-26,Star Wars: Episode I – The Phantom Menace,1999,https://boxd.it/27Vc,2.5
2024-08-26,Fear and Loathing in Las Vegas,1998,https://boxd.it/27Xs,4
2024-08-26,Titanic,1997,https://boxd.it/2a2k,4
2024-08-26,Jurassic Park,1993,https://boxd.it/2aA2,4
2024-08-26,GoodFellas,1990,https://boxd.it/29FA,4.5
2024-08-26,Return of the Jedi,1983,https://boxd.it/27Vm,4.5
2024-08-26,The Empire Strikes Back,1980,https://boxd.it/27Vw,4.5
2024-08-26,Alien,1979,https://boxd.it/2awY,4.5
2024-08-26,Star Wars,1977,https://boxd.it/72s,4.5
2024-08-26,A Clockwork Orange,1971,https://boxd.it/2aVE,4.5
2024-08-26,2001: A Space Odyssey,1968,https://boxd.it/2bf0,5
2024-08-26,Hereditary,2018,https://boxd.it/hNVe,4
2024-08-26,Django Unchained,2012,https://boxd.it/2cCk,4.5
2024-09-06,House of Gucci,2021,https://boxd.it/nVkC,3
2024-09-14,Get Out,2017,https://boxd.it/eOCm,2
2024-09-18,Lucy,2014,https://boxd.it/75hu,3
2024-09-18,2012,2009,https://boxd.it/1OE2,2
2024-09-18,World War Z,2013,https://boxd.it/2p2E,1
2024-09-18,Fear Street: 1666,2021,https://boxd.it/lLBE,2.5
2024-09-18,Fear Street: 1994,2021,https://boxd.it/lLBk,3
2024-09-18,Fear Street: 1978,2021,https://boxd.it/lLBu,2
2024-09-18,In the Tall Grass,2019,https://boxd.it/iZpm,2
2024-09-22,Tomb Raider,2018,https://boxd.it/bgbA,3.5
2024-09-22,Insurgent,2015,https://boxd.it/7NNa,2
2024-09-22,Divergent,2014,https://boxd.it/4VT0,2
2024-09-22,Buzz House: The Movie,2024,https://boxd.it/MeVA,1
2024-09-22,Kingsman: The Secret Service,2014,https://boxd.it/6dxe,4
2024-09-24,The Day After Tomorrow,2004,https://boxd.it/2aog,3.5
2024-09-24,The Purge,2013,https://boxd.it/4Xg0,1.5
2024-09-24,The Purge: Anarchy,2014,https://boxd.it/71zk,2
2024-09-24,The Purge: Election Year,2016,https://boxd.it/ae5I,2
2024-09-24,Call Me by Your Name,2017,https://boxd.it/dYmm,4.5
2024-10-02,The Breakfast Club,1985,https://boxd.it/27q4,3.5
2024-10-20,Joker: Folie à Deux,2024,https://boxd.it/xBoE,2
2024-10-30,Boyz n the Hood,1991,https://boxd.it/29Ug,4
2024-10-31,Thirteen,2003,https://boxd.it/1UPK,3.5
2024-11-02,Woodstock,1970,https://boxd.it/1YCU,4
2024-11-04,Blue Velvet,1986,https://boxd.it/29BI,4
2024-11-28,Graduation,2016,https://boxd.it/d0vI,3.5
2024-11-28,Eternal Sunshine of the Spotless Mind,2004,https://boxd.it/6YK,4.5
2024-11-29,Deliverance,1972,https://boxd.it/1VGk,3
2024-11-29,Dazed and Confused,1993,https://boxd.it/1Ylk,5
2024-12-01,Indiana Jones and the Kingdom of the Crystal Skull,2008,https://boxd.it/2aR8,1
2024-12-15,Super 8,2011,https://boxd.it/dVI,1.5
2024-12-17,Wicked,2024,https://boxd.it/e8ME,2.5
2024-12-31,Dirty Harry,1971,https://boxd.it/299E,3
2025-01-15,All Quiet on the Western Front,2022,https://boxd.it/H08,4
2025-01-16,The Substance,2024,https://boxd.it/zanS,3.5
2025-01-16,Nosferatu,2024,https://boxd.it/f5eG,4
2025-02-03,Babygirl,2024,https://boxd.it/Fvai,3.5
2025-02-23,One Flew Over the Cuckoo's Nest,1975,https://boxd.it/2aeA,4.5
2025-02-24,Chernobyl,2019,https://boxd.it/mkbG,5
2025-03-02,A Complete Unknown,2024,https://boxd.it/oBYa,3.5
2025-03-02,The Grand Budapest Hotel,2014,https://boxd.it/3ZqO,4.5
2025-03-11,Greenland,2020,https://boxd.it/j1Um,3
2025-04-06,Close Encounters of the Third Kind,1977,https://boxd.it/29u8,3.5
2025-04-11,Eyes Wide Shut,1999,https://boxd.it/2axs,5
2025-05-03,Dead Poets Society,1989,https://boxd.it/2aSg,4.5
2025-05-10,Mentors,2025,https://boxd.it/TfeQ,2
2025-08-17,High Plains Drifter,1973,https://boxd.it/1SOK,4.5
2025-08-17,Se7en,1995,https://boxd.it/29zs,4
2025-08-18,Raiders of the Lost Ark,1981,https://boxd.it/2bbs,4
2025-09-26,Children of Men,2006,https://boxd.it/1Y2i,4
2026-01-04,"The Good, the Bad and the Ugly",1966,https://boxd.it/2ape,4.5
2026-01-05,The Long Walk,2025,https://boxd.it/mic8,3
2026-01-05,The Karate Kid,1984,https://boxd.it/27Wk,3.5
2026-01-05,The Oak,1992,https://boxd.it/YN2,4.5
2026-02-06,The Big Short,2015,https://boxd.it/ajZw,2
2026-02-06,Marty Supreme,2025,https://boxd.it/Off0,4.5
2026-02-08,Annihilation,2018,https://boxd.it/9yzm,2
2026-03-06,Nuremberg,2025,https://boxd.it/K6qU,2.5
2026-03-12,Reconstruction,1968,https://boxd.it/1cGE,4.5
2026-04-04,The Room,2003,https://boxd.it/1ICY,1
2026-04-04,Project Hail Mary,2026,https://boxd.it/pEeQ,4.5
2026-04-08,Wuthering Heights,2026,https://boxd.it/OdIa,2
2026-04-11,The Revenant,2015,https://boxd.it/8H5e,3.5
2026-07-08,Obsession,2025,https://boxd.it/PNqo,4.5
