Date,Name,Year,Letterboxd URI,Rating,Rewatch,Review,Tags,Watched Date
2023-09-17,Hereditary,2018,https://boxd.it/4R5qMJ,5,,outstanding horror,,2023-09-16
2023-09-17,Pulp Fiction,1994,https://boxd.it/4R9xab,5,Yes,still as good as ever,,2023-09-17
2023-09-18,From Dusk Till Dawn,1996,https://boxd.it/4Rzo2T,1.5,,"unmemorable characters, unengaging plot, bad action. at least the cinematography was decent. i was expecting more from this movie but it failed to deliver.",,2023-09-18
2023-10-06,Talk to Me,2022,https://boxd.it/4WQEdH,3,,overall ok movie. the music is a bit corny and out of place sometimes and it makes too much use of cheap jumpscares that don’t  work. at least it has a few instances of ambiental creepiness that made me feel some “horror”.,,2023-10-05
2024-07-13,Everything Everywhere All at Once,2022,https://boxd.it/6RyO3n,1,,i don’t understand what’s there to like about this movie and it left absolutely no impression on me whatsoever,,2024-07-13
2024-07-13,The Goat and Her Three Kids,2022,https://boxd.it/6Rz47v,3.5,,interesting short film i enjoyed it and i feel like it encapsulates the atmosphere of the traditional romanian parable very well,,2024-07-13
2024-08-24,"Blind Willow, Sleeping Woman",2022,https://boxd.it/7alVl9,4,,of course i loved it as a Murakami fan🙄,,2024-08-23
2024-09-14,Get Out,2017,https://boxd.it/7jZ0Gb,2,,"good idea, bad execution://",,2024-09-13
2024-09-18,Divergent,2014,https://boxd.it/7lQrWl,2,,"the soundtrack is actually embarrassing and corny(ik its supposed to appeal to the book fans early 2010s tumblr people but its just unbearable)
also i found the acting so bad most of the time, i wasnt able to connect with any characters at all",,2024-09-17
2024-09-22,Tomb Raider,2018,https://boxd.it/7nDysf,3.5,,"solid movie tbh, especially for the video game series lovers🤑",,2024-09-22
2024-09-22,Buzz House: The Movie,2024,https://boxd.it/7nEgrP,1,,cash grab🤑(i consider myself a victim of the cash grab bc i actually went out and watched it in the cinema),,2024-04-28
2024-09-24,The Day After Tomorrow,2004,https://boxd.it/7oyADN,3.5,,ok good now I need an apocalypse movie where no one survives and humanity is actually finished ,,2024-09-23
2024-09-24,Call Me by Your Name,2017,https://boxd.it/7oFBFp,4.5,,WHY DID I WATCH THIS ONLY NOW.  it was actually such a good movie(also the peach scene was completely necessary),,2024-09-24
2024-10-02,The Breakfast Club,1985,https://boxd.it/7sgkgD,3.5,,nooo don't make me daydream about being an american teenager in the 80's(please do),,2024-10-01
2024-10-31,Thirteen,2003,https://boxd.it/7GtQ8X,3.5,,I’M LITERALLY HER!!!!!!!!!!,,2024-10-30
2024-11-28,Eternal Sunshine of the Spotless Mind,2004,https://boxd.it/7UUWId,4.5,,they’re sooo out of the loop like what is even going on‼️i need to be on whatever they are,,2024-11-28
2024-11-29,Dazed and Confused,1993,https://boxd.it/7VmPFH,5,,literally loved this so much wow i really am obsessed with all that late 20th century american teenager vibe and i’ll never grow out of it. i was supposed to be there…!!!,,2024-11-29
2024-12-01,Indiana Jones and the Kingdom of the Crystal Skull,2008,https://boxd.it/7WsHzd,1,,why does this movie take itself so seriously😭,,2024-12-01
2026-02-06,Marty Supreme,2025,https://boxd.it/d0jaPb,4.5,,"What a phenomenal movie. A great fucking movie. If I had to describe it in a single sentence I would say it is one hellishly frenzied tale of human obsession and strive for greatness.

Mauser's own fate is already so fully realised inside his own mind that it seeps into the whole universe of this movie. Everything else around him, his family, his friends become just pawns for him to actualise his vision of becoming the world's greatest ping-pong player. Adamant and unyielding in all his efforts, <i>nothing</i> can stop this guy. And nothing does. He quenches his thirst of glory and becomes what he was always supposed to be, <i>the greatest</i>. 

Before he can achieve greatness he involves himself(or is rather forced to) in all of these seemingly absurd and incredibly funny situations that are like a 20th century caricature of the trials of Odysseus, mostly orbiting around him needing money for his tournaments. Great stuff, I absolutely adore the comedic side of this movie. 

This movie is most definitely a product our times. The world is driven by individualism, self-actualisation, and an all-for-yourself mentality. These themes are all well reflected by the movie, and maybe even more so by the actor. Chalamet is a great pick for this role and, in a metatextual way, he's kind of playing himself. He keeps putting out amazing performances and may even become one of the greatest actors of our time. His acting in this movie leaves nothing to be desired, and that applies for the other actors as well. 

<i>""That doesn't even enter my consciousness.""</i> I need to start getting into this mindset.",,2026-02-05
2026-04-04,The Room,2003,https://boxd.it/dO3h6l,1,,"<b><i>Oh, hi Mark.</i></b>

All I have to say is it’s the best worst movie of all time. I’m split between giving it one star or five but I’ll leave it at one out of courtesy for my favorite movies.",,2026-04-02
