Date,Name,Year,Letterboxd URI
2023-09-04,Knives Out,2019,https://boxd.it/jWEA
2023-09-04,Midsommar,2019,https://boxd.it/jhxe
2023-09-04,Lady Bird,2017,https://boxd.it/dGNE
2023-09-04,Black Swan,2010,https://boxd.it/Sw0
2023-09-04,Little Women,2019,https://boxd.it/aSVk
2023-09-04,The Silence of the Lambs,1991,https://boxd.it/2aHW
2023-09-04,Moonlight,2016,https://boxd.it/d6bE
2023-09-04,Back to the Future,1985,https://boxd.it/2b8e
2023-09-04,The Devil Wears Prada,2006,https://boxd.it/2awE
2023-09-04,The Godfather Part II,1974,https://boxd.it/2aNq
2023-09-04,Scarface,1983,https://boxd.it/2b7g
2023-09-06,True Romance,1993,https://boxd.it/2aBa
2023-09-06,Natural Born Killers,1994,https://boxd.it/2aNg
2023-09-06,Desperado,1995,https://boxd.it/20Bk
2023-09-06,Sin City,2005,https://boxd.it/2aVk
2023-09-06,"Crouching Tiger, Hidden Dragon",2000,https://boxd.it/2b1M
2023-09-08,John Wick: Chapter 4,2023,https://boxd.it/mh48
2023-09-10,Little Miss Sunshine,2006,https://boxd.it/29EW
2023-09-10,Punch-Drunk Love,2002,https://boxd.it/20E4
2023-09-10,Magnolia,1999,https://boxd.it/2aze
2023-09-10,The Master,2012,https://boxd.it/2cBG
2023-09-11,Annie Hall,1977,https://boxd.it/29M2
2023-09-11,The Wild Bunch,1969,https://boxd.it/2a5y
2023-09-28,The Cabinet of Dr. Caligari,1920,https://boxd.it/2aOo
2023-09-28,Nosferatu,1922,https://boxd.it/29TM
2023-09-28,Meshes of the Afternoon,1943,https://boxd.it/1sEE
2023-10-14,Fallen Angels,1995,https://boxd.it/1UkW
2023-11-05,Chungking Express,1994,https://boxd.it/1UDa
2023-11-10,Amadeus,1984,https://boxd.it/2aH8
2024-04-26,Saturday Night Fever,1977,https://boxd.it/1URQ
2024-04-26,Easy Rider,1969,https://boxd.it/29Ys
2024-05-20,Joe,1970,https://boxd.it/MzW
2024-05-20,Catch-22,1970,https://boxd.it/1WrK
2024-05-22,Bullitt,1968,https://boxd.it/29i2
2024-05-22,Carrie,1976,https://boxd.it/20ZQ
2024-05-22,The Exorcist,1973,https://boxd.it/1Yoo
2024-05-28,Casablanca,1942,https://boxd.it/2aG0
2024-05-28,The Getaway,1972,https://boxd.it/22lS
2024-06-12,The Dream,2023,https://boxd.it/JQFY
2024-08-27,The Godfather,1972,https://boxd.it/2aNK
2024-08-27,Burning,2018,https://boxd.it/hHUa
2024-10-07,Rebel Without a Cause,1955,https://boxd.it/2aQu
2024-10-20,Beau Is Afraid,2023,https://boxd.it/u2gE
2024-11-02,Twin Peaks,1989,https://boxd.it/g8pk
2024-11-04,The Witch,2015,https://boxd.it/9X0m
2024-11-04,Evil Dead Rise,2023,https://boxd.it/qIvo
2024-11-04,The Evil Dead,1981,https://boxd.it/29Go
2024-11-04,The Bone Collector,1999,https://boxd.it/1Yzw
2024-11-04,Bones and All,2022,https://boxd.it/tLd4
2024-12-01,Mulholland Drive,2001,https://boxd.it/297o
2024-12-02,Kids,1995,https://boxd.it/1YUY
2024-12-09,The Lobster,2015,https://boxd.it/7tnw
2024-12-20,Darkest Hour,2017,https://boxd.it/dZZa
2024-12-28,The Road,2009,https://boxd.it/1CWI
2025-02-01,Enemy,2013,https://boxd.it/5xtO
2025-02-14,The Reader,2008,https://boxd.it/20Dq
2025-02-14,Life Is Beautiful,1997,https://boxd.it/29Wm
2025-02-24,They Live,1988,https://boxd.it/20lm
2025-02-26,Dream Images,2016,https://boxd.it/e5Bo
2025-03-01,Schindler's List,1993,https://boxd.it/2aq2
2025-03-04,Gia,1998,https://boxd.it/1NUo
2025-03-04,The Autopsy of Jane Doe,2016,https://boxd.it/dUu2
2025-03-14,The Perks of Being a Wallflower,2012,https://boxd.it/2ZA8
2025-03-14,White Oleander,2002,https://boxd.it/1UUg
2025-04-12,Leave the World Behind,2023,https://boxd.it/re0i
2025-07-12,EuroTrip,2004,https://boxd.it/1YTQ
2025-09-24,The End of the Tour,2015,https://boxd.it/7jIE
2025-09-24,The Man from Earth,2007,https://boxd.it/1Ql2
2025-09-29,Captain Fantastic,2016,https://boxd.it/b2K2
2025-10-13,Breaking the Waves,1996,https://boxd.it/2b1W
2025-11-15,Heat,1995,https://boxd.it/2bg8
2026-01-01,Die My Love,2025,https://boxd.it/D5cI
2026-01-05,A Fistful of Dollars,1964,https://boxd.it/2auo
2026-01-11,Casino,1995,https://boxd.it/2ads
2026-02-03,Do Not Expect Too Much from the End of the World,2023,https://boxd.it/zkHI
2026-04-04,Beautiful Disaster,2023,https://boxd.it/CoWy
2026-04-10,Once Upon a Time in the West,1968,https://boxd.it/2az4
2026-07-08,Bring Her Back,2025,https://boxd.it/Hxlc
2026-07-25,Beyond the Hills,2012,https://boxd.it/3wOs
2026-07-25,The Invite,2026,https://boxd.it/zRNY
