Book Id,Title,Author,Author l-f,Additional Authors,ISBN,ISBN13,My Rating,Publisher,Binding,Number of Pages,Year Published,Original Publication Year,Date Read,Date Added,Bookshelves,Bookshelves with positions,Exclusive Shelf,My Review,Spoiler,Private Notes,Read Count,Owned Copies
231387262,Transcription,Ben Lerner,"Lerner, Ben",,0374618593,9780374618599,0,"Farrar, Straus and Giroux",Hardcover,144,2026,2026,,28/07/2026,to-read,to-read (#114),to-read,,,,0,0
62200,A Tale of Two Cities,Charles Dickens,"Dickens, Charles",,0140620788,9780140620788,5,Penguin Books,Paperback,367,1994,1859,27/07/2026,30/06/2023,,,read,,,,1,0
2920664,Iona,Marin Sorescu,"Sorescu, Marin",,,,4, Fundația Marin Sorescu,Paperback,70,2003,1968,,18/07/2026,,,read,,,,1,0
5107,The Catcher in the Rye,J.D. Salinger,"Salinger, J.D.",,0316769177,9780316769174,3,Back Bay Books,Paperback,277,2001,1951,15/07/2026,18/07/2026,,,read,,,,1,0
39077692,Foundation and Empire (The Foundation Trilogy #2),Isaac Asimov,"Asimov, Isaac",,,,0,HarperVoyager,Kindle Edition,242,2018,1952,,18/07/2026,currently-reading,currently-reading (#1),currently-reading,,,,1,0
51893,Thus Spoke Zarathustra,Friedrich Nietzsche,"Nietzsche, Friedrich","Walter Kaufmann, Silvia Cecchini, Domenico Ciampoli",,,0,Penguin Books,Paperback,327,1978,1883,,13/03/2023,did-not-finish,did-not-finish (#6),did-not-finish,,,,0,0
155981,Psycho-Cybernetics: A New Way to Get More Living Out of Life,Maxwell Maltz,"Maltz, Maxwell",,0671700758,9780671700751,0,Pocket,Mass Market Paperback,288,1989,1960,,03/05/2023,did-not-finish,did-not-finish (#5),did-not-finish,,,,0,0
2156,Persuasion,Jane Austen,"Austen, Jane","Deidre Shauna Lynch, James Kinsley",0192802631,9780192802637,0,Oxford University Press,Paperback,249,2004,1817,,30/06/2023,did-not-finish,did-not-finish (#4),did-not-finish,,,,0,0
55922488,Cinema Speculation,Quentin Tarantino,"Tarantino, Quentin",,0063112582,9780063112582,0,HarperCollins,Hardcover,391,2022,2022,,08/03/2024,did-not-finish,did-not-finish (#3),did-not-finish,,,,1,0
30289,The Republic,Plato,"Plato, Plato",Desmond Lee,0140449140,9780140449143,0,Penguin Classics,Paperback,416,2003,-400,,09/02/2023,did-not-finish,did-not-finish (#2),did-not-finish,,,,0,0
205363978,The Ultimate Hidden Truth of the World,David Graeber,"Graeber, David","Nika Dubrovsky, Rebecca Solnit",0374610223,9780374610227,0,"Farrar, Straus and Giroux",Hardcover,384,2024,2024,,18/12/2025,did-not-finish,did-not-finish (#1),did-not-finish,,,,1,0
8697149,"The Plague [Oct 26, 2010] Camus, Albert",Albert Camus,"Camus, Albert","Tony Judt, Robin Buss",0141049235,9780141049236,4,Penguin,Paperback,297,2010,1947,08/07/2026,25/08/2024,,,read,,,,1,0
1363427,Kybalion: A Study of the Hermetic Philosophy of Ancient Egypt and Greece,Three Initiates,"Initiates, Three","William Walker Atkinson, Tre Iniziati",0911662251,9780911662252,0,Devorss & Co,Hardcover,223,1908,1912,,08/06/2026,to-read,to-read (#113),to-read,,,,0,0
58669963,"Human, All Too Human",Friedrich Nietzsche,"Nietzsche, Friedrich",,1838574808,9781838574802,4,Arcturus,Paperback,272,2021,,02/06/2024,21/02/2023,,,read,,,,1,0
18339944,A Philosophy of Walking,Frédéric Gros,"Gros, Frédéric","Clifford Harper, John Howe",1781682704,9781781682708,0,Verso,Hardcover,228,2014,2009,,05/05/2026,to-read,to-read (#112),to-read,,,,0,0
18284711,Deposedații,Ursula K. Le Guin,"Guin, Ursula K. Le",Emil Sîrbulescu,9735690659,,0,Nemira,Paperback,320,1995,1974,,05/05/2026,to-read,to-read (#111),to-read,,,,0,0
231415861,Silicon Empires: The Fight for the Future of AI,Nick Srnicek,"Srnicek, Nick",,1509550488,9781509550487,0,Polity,Hardcover,200,2026,2025,,17/04/2026,to-read,to-read (#110),to-read,,,,0,0
32999998,Platform Capitalism,Nick Srnicek,"Srnicek, Nick",,,,0,Polity,Paperback,171,2016,2016,,17/04/2026,to-read,to-read (#109),to-read,,,,0,0
25492903,Ccru: Writings 1997-2003,CCRU,"CCRU, CCRU",,,,0,Time Spiral Press,Kindle Edition,666,2015,2015,,17/04/2026,to-read,to-read (#108),to-read,,,,0,0
204266978,Societatea paliativă. Durerea astăzi,Byung-Chul Han,"Han, Byung-Chul",Mirela Iacob,6069534425,9786069534427,4,Editura Contrasens,Paperback,68,2022,2020,01/03/2025,01/03/2025,,,read,"cred că aș fi avut o înțelegere mult mai amplă a cărții dacă cunoșteam mai mulți filozofi din care extrage concepte, în afară de Nietzsche. totuși mi se pare foarte interesantă ideea centrală a cărții, că suntem atât de liberi în prezent încât suntem epuizați mental și obosiți de viața de <i>homo laborans</i> în care noi suntem, practic, propriul nostru proiect, aflându-ne astfel într-o stare laborioasă permanentă. limitarea și coercitivul exterior, instituțional, sistemic, social care până nu demult dicta și trasa liniile vieților noastre în totalitate dispare și lasă loc pentru nelimitatele posibilități de autoactualizare și dezvoltare a eului în cadrul mașinii numită societate. practic în loc să fim exploatați, ne autoexploatăm și o facem cu plăcere. yay! pretty ironic huh. (interesant aici că autorul nu menționează capitalismul deloc în carte, care e evident cauza principală a acestor fenomene. adică omul îl și descrie dar nu îi spune pe nume. bootlicking much?). în orice caz, tocmai tranziția asta de la <i>nu poți</i> la <i>trebuie să poți</i> a dat naștere la multe dintre bolile mentale pe care le vedem în prezent, sau mai degrabă la prevalența acestora. sunt mai multe implicații și aspecte pe care le prezintă autorul dar cam asta e esența. tare sincer, mi-a plăcut și sunt de acord cu ea, în mare, dar e scrisă foarte stufos și întortocheat, fiind greu de urmărit pe tot parcursul ei. s-ar putea s-o recitesc.",,,1,0
16286,The Magus,John Fowles,"Fowles, John",,0316296198,9780316296199,0,"Little, Brown Paperbacks",Paperback,656,2001,1965,,14/02/2026,to-read,to-read (#107),to-read,,,,0,0
37857066,Money and Government: Unsettled Issues in Macroeconomics,Robert Skidelsky,"Skidelsky, Robert",,0241352827,9780241352823,0,Penguin Press,Hardcover,384,2018,2018,,09/02/2026,to-read,to-read (#106),to-read,,,,0,0
197149006,Why Machines Learn: The Elegant Maths Behind Modern AI,Anil Ananthaswamy,"Ananthaswamy, Anil",,1802060871,9781802060874,5,Penguin,Kindle Edition,463,2024,2024,07/02/2026,06/10/2025,,,read,,,,1,0
18490,Frankenstein,Mary Wollstonecraft Shelley,"Shelley, Mary Wollstonecraft",,,,5,Penguin,Paperback,288,2003,1818,19/10/2025,19/10/2025,,,read,"I cannot stop thinking about how well this book ties in with the present-day prospect of artificial consciousness. This being the zeitgeist, and also an idea that occupies my mind constantly, it's quite hard for me not to look at this book in this manner. Although Frankenstein's ""monster"" is fundamentally, physically different from what we could be facing in the immediate future in the world of AGI, I think this book's themes transcend these distinctions. What does it imply to bring a new form of life into the world? Is its creator responsible for its possible misdeeds?<br/>Frankenstein surely thinks he's wholly guilty for the wretchedness to have befallen him. How do we define consciousness? If we dig deep, could the<br/>""daemon"" not even have a soul, a consciousness?<br/>It does seem that he has, on the surface, but I'm not convinced it's not just superficial. Why are we, as humans, quite intellectually advanced as we are, still innately stuck in a ""us vs them"" worldview?<br/>What's the price we're willing to pay to concretize scientific wanderings-of-mind? More so the ones of an egomaniac, as Frankenstein is in the book, a tale as old as time. All very interesting and topical questions Mary Shelley manages to raise in a poignant 200 years old story.<br/><br/>Anachronistic cautionary tale about the dangers of technology or not, “Frankenstein” is still a work of great genius that can be analysed and seen through a myriad of different lenses. <br/><br/><i>""I ought to be thy Adam, but I am rather the fallen angel...""</i>",,,1,0
48464,A Good Man Is Hard to Find and Other Stories,Flannery O'Connor,"O'Connor, Flannery",Lauren Groff,0151365040,9780151365043,0,Harcourt Brace Jovanovich,Hardcover,252,1992,1955,,22/01/2026,to-read,to-read (#105),to-read,,,,0,0
135479,Cat’s Cradle,Kurt Vonnegut Jr.,"Jr., Kurt Vonnegut",,,,0,Penguin,Paperback,306,1999,1963,,22/01/2026,to-read,to-read (#104),to-read,,,,0,0
4983,Kurt Vonnegut's Cat's Cradle,Harold Bloom,"Bloom, Harold","Terry Southern, David H. Goldsmith, James Lundquist, Lawrence R. Broer, Peter J. Reed, Loree Rackstraw, William S. Doxey, Jerome Klinkowitz, Richard Giannone, John L. Simons, Leonard Mustazza, Zoltan Ab di-Nagy, Peter Freese, Wendy B. Faris",0791071685,9780791071687,0,Chelsea House Publications,Paperback,258,2002,2002,,22/01/2026,to-read,to-read (#103),to-read,,,,0,0
22135,Culture and Imperialism,Edward W. Said,"Said, Edward W.",,0679750541,9780679750543,0,Vintage,Paperback,402,1994,1993,,22/01/2026,to-read,to-read (#102),to-read,,,,0,0
4457101,Flatland,Edwin A. Abbott,"Abbott, Edwin A.",Rosemary Jann,019953750X,9780199537501,3,Oxford University Press,Paperback,124,2008,1884,21/12/2025,06/10/2025,,,read,,,,1,0
22613,Simulacra and Simulation,Jean Baudrillard,"Baudrillard, Jean",Sheila Faria Glaser,0472065211,9780472065219,0,University of Michigan Press,Paperback,164,1994,1981,,18/12/2025,to-read,to-read (#101),to-read,,,,0,0
584608,"Language, Truth and Logic",Alfred Jules Ayer,"Ayer, Alfred Jules",,0486200108,9780486200101,0,Dover Publications (NYC),Paperback,160,1952,1936,,08/12/2025,to-read,to-read (#100),to-read,,,,0,0
18230875,Mic dejun la Tiffany,Truman Capote,"Capote, Truman",Constantin Popescu,9734631977,9789734631971,0,Polirom,Paperback,187,2012,1958,,02/06/2024,to-read,to-read (#54),to-read,,,,0,0
58529478,Carmilla - Joseph Sheridan Le Fanu: Annotated,J. Sheridan Le Fanu,"Fanu, J. Sheridan Le",,,,0,,Kindle Edition,89,2021,1872,,14/11/2025,to-read,to-read (#99),to-read,,,,0,0
38526265,Flatline Constructs: Gothic Materialism and Cybernetic Theory-Fiction,Mark Fisher,"Fisher, Mark",Exmilitary Collective,0692066055,9780692066058,0,Exmilitary,Paperback,212,2018,,,14/11/2025,to-read,to-read (#98),to-read,,,,0,0
43722897,The Art of Statistics: How to Learn from Data,David Spiegelhalter,"Spiegelhalter, David",,1541618513,9781541618510,0,Basic Books,Hardcover,448,2019,2019,,23/10/2025,to-read,to-read (#97),to-read,,,,0,0
40363665,"Hands-On Machine Learning with Scikit-Learn, Keras, and TensorFlow: Concepts, Tools, and Techniques to Build Intelligent Systems",Aurélien Géron,"Géron, Aurélien",,1492032646,9781492032649,0,O'Reilly Media,Paperback,848,2019,2017,,23/10/2025,to-read,to-read (#96),to-read,,,,0,0
55531521,"Understanding Media: Communication, Power and Social Change (Pelican Books)",James Curran,"Curran, James",Joanna Redden,0241289610,9780241289617,4,Pelican,Paperback,464,2025,,23/10/2025,23/10/2025,,,read,,,,1,0
6095883,Design as Art,Bruno Munari,"Munari, Bruno",,0141035811,9780141035819,0,Penguin Classics,Paperback,224,2009,1966,,06/10/2025,to-read,to-read (#95),to-read,,,,0,0
415459,I Have No Mouth & I Must Scream,Harlan Ellison,"Ellison, Harlan",Theodore Sturgeon,0441363954,9780441363957,0,Ace,Mass Market Paperback,134,1967,1967,,25/09/2025,to-read,to-read (#94),to-read,,,,0,0
41593261,"2001: A Space Odyssey (Space Odyssey, #1)",Arthur C. Clarke,"Clarke, Arthur C.",,0751573752,9780751573756,5,Orbit,Paperback,252,2018,1968,22/09/2025,21/09/2025,,,read,,,,1,0
240758613,Ruler of Nothingness,Min Ocean,"Ocean, Min",,3819250018,9783819250019,0,Bod - Books on Demand,Paperback,138,2025,,,13/09/2025,to-read,to-read (#93),to-read,,,,0,0
14680,The Charterhouse of Parma,Stendhal,"Stendhal, Stendhal","Richard Howard, Arthur Schurig, C.K. Scott Moncrieff, Robert Andrew Parker",0679783180,9780679783183,0,Random House Publishing Group,Paperback,532,2000,1839,,12/09/2025,to-read,to-read (#92),to-read,,,,0,0
12617,Manufacturing Consent: The Political Economy of the Mass Media,Edward S. Herman,"Herman, Edward S.",Noam Chomsky,0375714499,9780375714498,0,Pantheon Books,Paperback,412,2002,1988,,05/09/2025,to-read,to-read (#91),to-read,,,,0,0
61965990,Image Text Music,Catherine Taylor,"Taylor, Catherine",,1916041256,9781916041257,4,SPBH Editions,Paperback,190,2022,,24/08/2025,24/08/2025,,,read,the entire day while i was reading this book i felt as if i was riding a rollercoaster of conceptual slippage. loved it but it was a straight up bizarre thing to read. ,,,1,0
50374022,Artificial Intelligence: A Guide for Thinking Humans (Pelican Books),Melanie  Mitchell,"Mitchell, Melanie",,0241404835,9780241404836,5,Pelican,Paperback,419,2020,2019,28/08/2025,28/08/2025,,,read,,,,1,0
24113,"Gödel, Escher, Bach: An Eternal Golden Braid",Douglas R. Hofstadter,"Hofstadter, Douglas R.",,0465026567,9780465026562,0,Basic Books,Paperback,777,1999,1979,,28/08/2025,to-read,to-read (#90),to-read,,,,0,0
220295838,A Little Book of Language (Little Histories),David Crystal,"Crystal, David",,0300283237,9780300283235,2,Yale University Press,Paperback,272,2025,2012,29/07/2025,29/07/2025,,,read,,,,1,0
6696927,Do Androids Dream of Electric Sheep?,Philip K. Dick,"Dick, Philip K.",,0575094184,9780575094185,4,Gollancz,Paperback,193,2010,1968,26/11/2022,12/07/2022,,,read,,,,1,0
49117213,Black Mountain Poems,Jonathan C. Creasy,"Creasy, Jonathan C.",,0811228983,9780811228985,0,New Directions,Kindle Edition,122,2020,,,15/08/2025,to-read,to-read (#89),to-read,,,,0,0
43459807,The Housekeeper and the Professor,Yōko Ogawa,"Ogawa, Yōko",,1784875449,9781784875442,3,Vintage Classics,Paperback,180,2019,2003,12/08/2025,12/08/2025,,,read,,,,1,0
7933650,The Catcher in the Rye,J.D. Salinger,"Salinger, J.D.",,,,4,Penguin,Paperback,230,2010,1951,22/07/2025,29/06/2023,,,read,,,,1,0
44538815,Neuromancer (Sprawl #1),William Gibson,"Gibson, William",,0441569595,9780441569595,5,Ace,Mass Market Paperback,304,2020,1984,,12/07/2022,,,read,,,,1,0
18806499,Sputnik Sweetheart,Haruki Murakami,"Murakami, Haruki",Philip Gabriel,,,3,Vintage,Paperback,229,2002,1999,19/04/2025,19/04/2025,,,read,,,,1,0
216933725,Against Progress (Žižek's Essays),Slavoj Žižek,"Žižek, Slavoj",,135051585X,9781350515857,4,Bloomsbury Academic,Paperback,136,2025,2025,12/04/2025,12/04/2025,,,read,,,,1,0
36221522,Philip K. Dick's Electric Dreams,Philip K. Dick,"Dick, Philip K.",,1473223288,9781473223288,4,Gollancz,Paperback,213,2017,2017,10/04/2025,10/04/2025,,,read,,,,1,0
4921,"Three Men in a Boat (Three Men, #1)",Jerome K. Jerome,"Jerome, Jerome K.",,,,0,Penguin Books,Paperback,185,1994,1889,,10/04/2025,to-read,to-read (#88),to-read,,,,0,0
1665187,Paul Kelver,Jerome K. Jerome,"Jerome, Jerome K.",,1434615022,9781434615022,0,BiblioBazaar,Paperback,366,2007,1902,,10/04/2025,to-read,to-read (#87),to-read,,,,0,0
590652,The Slight Edge,Jeff Olson,"Olson, Jeff",,0967285550,9780967285559,0,Momentum Media,Paperback,168,2005,2005,,13/03/2025,to-read,to-read (#86),to-read,,,,0,0
1561703,Diary of an Oxygen Thief,Anonymous,"Anonymous, Anonymous",,908105841X,9789081058414,0,nlvi,Paperback,140,2006,2006,,04/03/2025,to-read,to-read (#85),to-read,,,,0,0
12483882,Schoolgirl,Osamu Dazai,"Dazai, Osamu",Allison Markin Powell,1935548085,9781935548089,4,One Peace Books,Paperback,103,2011,1939,03/03/2025,03/03/2025,,,read,,,,1,0
3327199,After Dark,Haruki Murakami,"Murakami, Haruki",Jay Rubin,0099520869,9780099520863,4,Non Basic Stock Line,Paperback,201,2008,2004,22/02/2025,22/02/2025,,,read,"another banger from Murakami, as always:)",,,1,0
127227,The Human Condition,Hannah Arendt,"Arendt, Hannah",Margaret Canovan,0226025985,9780226025988,0,The University of Chicago Press,Paperback,349,1998,1958,,01/03/2025,to-read,to-read (#84),to-read,,,,0,0
56565176,Children of Dune (Dune #3),Frank Herbert,"Herbert, Frank",,147323378X,9781473233782,3,Orion,Paperback,421,2021,1976,17/02/2025,02/06/2024,,,read,"VERY much carried by the first 2 books and the lore. the plot is just relying on inertia to keep going, sort of dragging along at some points and it gets boring. there’s quite a lot of stuffy and convoluting writing, not in a good way, like the first book. also why did he make those kids like the biggest freaks ever??😭😭 i really don’t wanna find out if they actually end up marrying one another. i mean i probably won’t since i’m not looking forward to reading the other books.<br/>profoundly mid",,,1,0
67238,Dead Poets Society,N.H. Kleinbaum,"Kleinbaum, N.H.",Tom Schulman,0553282980,9780553282986,3,Starfire,Paperback,166,1989,1988,04/01/2025,04/01/2025,,,read,,,,1,0
41713579,The Country Funeral,John McGahern,"McGahern, John",,0571351840,9780571351848,2,Faber & Faber,Paperback,79,2019,,15/12/2024,15/12/2024,,,read,"Not that great of story, found it quite dull. The characters were uninteresting besides the guy in the wheelchair. Nonetheless, at least the prose was good.",,,1,0
126274,Understanding Media: The Extensions of Man,Marshall McLuhan,"McLuhan, Marshall",Lewis H. Lapham,0262631598,9780262631594,0,The MIT Press,Paperback,389,1994,1964,,15/12/2024,to-read,to-read (#83),to-read,,,,0,0
992984,Ecodefense: A Field Guide to Monkeywrenching,Bill Haywood,"Haywood, Bill","Dave Foreman, Edward Abbey",0963775103,9780963775108,0,Abbzug Press,Paperback,350,1993,1985,,15/12/2024,to-read,to-read (#82),to-read,,,,0,0
11222940,No Longer Human,Osamu Dazai,"Dazai, Osamu",Donald Keene,,,5,New Directions Publishing,Paperback,177,2001,1948,14/12/2024,02/02/2023,,,read,"Oh well this is more of a rant on how this book is perceived rather than a review of it, but it’s disconcerting to me to see how many people dismiss this book because the protagonist’s/the author’s views don’t align with their own “moral compass”. Is that really the point of fiction? To reassure our beliefs and to keep us stuck in a feedback loop, since the characters we interact with think/act the same as we do, providing us with validation? Speaking for myself, I would think it a disaster if that was the case. I’d much rather have something that’s hard to digest and challenges me, and <i>No Longer Human</i> achieves that. It’s a concerning and frantically scary unraveling of a troubled human’s mind that prompts the reader to reflect upon their own alienation and their level of <i>clowning</i>(i.e. faking your true self, for who hasn’t read the book) when participating in society. No, Yozo is not a role model, he’s not a good person, he pretty much has no positive qualities, but does that mean that his story has to be discarded, that there isn’t something of value to be discovered in it? To that I say a big no. For me, <i>No Longer Human</i> puts Osamu Dazai on par with the “greats”:)) of literature that delves in this part of the human condition, Dostoevsky, Kafka, etc. and I’m very eager to read some more from him.",,,1,0
12618,Chomsky On Anarchism,Noam Chomsky,"Chomsky, Noam",Barry Pateman,1904859208,9781904859208,0,AK Press,Paperback,241,2005,2005,,14/12/2024,to-read,to-read (#81),to-read,,,,0,0
40740914,If Cats Disappeared from the World,Genki Kawamura,"Kawamura, Genki",Eric Selland,1509889175,9781509889174,3,Picador,Paperback,202,2018,2012,12/12/2024,12/12/2024,,,read,"cute short read, that’s all.",,,1,0
62794,Confessions of a Mask,Yukio Mishima,"Mishima, Yukio",Meredith Weatherby,0720610311,9780720610314,0,Peter Owen,Paperback,224,1998,1949,,13/12/2024,to-read,to-read (#80),to-read,,,,0,0
37547510,The Man in the High Castle,Philip K. Dick,"Dick, Philip K.",,0141186674,9780141186672,3,Penguin,Paperback,229,2017,1962,10/12/2024,10/12/2024,,,read,,,,1,0
225468,Industrial Society and Its Future,Theodore John Kaczynski,"Kaczynski, Theodore John",,,,0,,Paperback,149,1995,1995,,09/12/2024,to-read,to-read (#79),to-read,,,,0,0
10083514,Pe culmile disperării,Emil M. Cioran,"Cioran, Emil M.",,9735021927,9789735021924,0,Humanitas,Paperback,160,2008,1934,,05/12/2024,to-read,to-read (#78),to-read,,,,0,0
215357441,Moartea fericită,Albert Camus,"Camus, Albert",,9734696459,9789734696451,2,Polirom,Paperback,192,2023,1971,28/11/2024,28/11/2024,,,read,"se pare că și Camus dă rateuri. înainte s-o citesc nu știam ca această carte a fost publicată înainte de „Străinul” dar de la început mi-am dat seama că e un predecesor al acesteia, și bine că e doar atât. pur și simplu îi lipsește substanța și „incoerența coerentă”, dacă pot să-i așa, care-l face pe Camus, Camus.  nu știu ce să mai zic, nu a fost o lectură plăcută, pentru mine e un fel de „literature for the sake of reading”.",,,1,0
29610266,White Nights,Fyodor Dostoevsky,"Dostoevsky, Fyodor",Ronald Meyer,0241252083,9780241252086,4,Penguin Classics,Paperback,113,2016,1848,21/11/2024,21/11/2024,,,read,well she definitely did NOT fix him..,,,1,0
75150462,One Hundred Years of Solitude,Gabriel García Márquez,"Márquez, Gabriel García",Gregory Rabassa,0241968585,9780241968581,5,Penguin,Paperback,426,2022,1967,16/11/2024,16/11/2024,,,read,,,,1,0
20629795,"A Wild Sheep Chase (The Rat, #3)",Haruki Murakami,"Murakami, Haruki",Alfred Birnbaum,,,4,Vintage,Paperback,299,2012,1982,08/09/2024,08/09/2024,,,read,,,,1,0
119073,The Name of the Rose,Umberto Eco,"Eco, Umberto",William Weaver,0156001314,9780156001311,0,Houghton Mifflin Harcourt,Paperback,552,1994,1980,,09/11/2024,to-read,to-read (#77),to-read,,,,0,0
40651883,Snow Crash,Neal Stephenson,"Stephenson, Neal",,,,4,Spectra,Kindle Edition,559,2018,1992,,11/09/2024,,,read,,,,1,0
58319062,Nostalgia,Mircea Cărtărescu,"Cărtărescu, Mircea",,9735070731,9789735070731,3,Humanitas,Paperback,400,2021,1989,28/08/2024,28/08/2024,,,read,,,,1,0
17573223,Hour of the Star,Clarice Lispector,"Lispector, Clarice","Benjamin Moser, Colm Tóibín",0141392037,9780141392035,3,Penguin,Paperback,96,2015,1977,14/01/2024,12/06/2023,,,read,,,,1,0
123847260,Anii,Annie Ernaux,"Ernaux, Annie",Mădălina Ghiu,6069786068,9786069786062,5,Pandora M,Hardcover,240,2023,2008,17/08/2024,17/08/2024,,,read,la propriu un „roman total”,,,1,0
34594677,"Mona Lisa Overdrive (Sprawl, #3)",William Gibson,"Gibson, William",,1473217423,9781473217423,4,Gollancz,Paperback,314,2017,1988,11/08/2024,12/07/2022,,,read,"FINALLY got around to reading the last book in the sprawl trilogy. it did not disappoint at all, the finale was splendid but i lowkey hate the centauri cliffhanger SO MUCH because i would’ve really liked to see whats going on with the aliens😭 i guess all i have is trying to imagine it..",,,1,0
52036,Siddhartha,Hermann Hesse,"Hesse, Hermann",Hilda Rosner,,,5,Bantam Books,Mass Market Paperback,152,1981,1922,13/08/2024,29/06/2023,,,read,"t a r e, m-a spart, loved it ",,,1,0
10661677,Lord of the Flies,William Golding,"Golding, William",,0571273572,9780571273577,3,Faber & Faber,Paperback,239,2011,1954,07/08/2024,02/06/2024,,,read,,,,1,0
83817782,Determined: A Science of Life without Free Will,Robert M. Sapolsky,"Sapolsky, Robert M.",,0525560971,9780525560975,5,Penguin Press,Hardcover,528,2023,2023,09/07/2024,29/06/2023,,,read,,,,1,0
29408433,A Little Life,Hanya Yanagihara,"Yanagihara, Hanya",,1447294831,9781447294832,5,Picador,Paperback,723,2016,2015,04/01/2023,23/11/2022,,,read,,,,1,0
223122,South Sea Tales,Robert Louis Stevenson,"Stevenson, Robert Louis",Roslyn Jolly,0192837001,9780192837004,3,Oxford University Press,Paperback,336,1999,1893,,02/06/2024,,,read,,,,1,0
269322,The Raven and Other Poems,Edgar Allan Poe,"Poe, Edgar Allan",,0439224063,9780439224062,2,Scholastic Paperbacks,Paperback,73,2002,1845,02/06/2024,09/02/2023,,,read,,,,1,0
56927764,Heaven,Mieko Kawakami,"Kawakami, Mieko","Sam Bett, David  Boyd",1509898247,9781509898244,5,Picador,Paperback,167,2021,2009,02/06/2024,02/06/2024,,,read,,,,1,0
34326633,"Dune Messiah (Dune, #2)",Frank Herbert,"Herbert, Frank",,,,4,Hodder,Paperback,304,2017,1969,02/06/2024,02/06/2024,,,read,,,,1,0
48855,The Diary of a Young Girl,Anne Frank,"Frank, Anne","Eleanor Roosevelt, Susan Massotty, Γιάννης Θωμόπουλος, Barbara Mooyaart-Doubleday, Otto H. Frank, Mirjam Pressler",,,5,Bantam,Mass Market Paperback,283,1993,1947,26/03/2024,26/03/2024,,,read,,,,1,0
58014666,The New Age of Empire: How Racism and Colonialism Still Rule the World,Kehinde Andrews,"Andrews, Kehinde",,0141992360,9780141992365,4,Penguin Press,Paperback,251,2022,2021,08/03/2024,17/05/2023,,,read,,,,1,0
395040,The Bell Jar,Sylvia Plath,"Plath, Sylvia",Frances McCullough,,,5,HarperCollins,Paperback,244,2005,1963,02/03/2024,02/03/2024,,,read,,,,1,0
48512106,"Moarte pe Nil (Hercule Poirot, #18)",Agatha Christie,"Christie, Agatha",Justina Bandol,6063339299,9786063339295,4,LITERA,Paperback,432,2019,1937,,12/07/2022,,,read,,,,1,0
49455,Notes from Underground,Fyodor Dostoevsky,"Dostoevsky, Fyodor","Richard Pevear, Larissa Volokhonsky, Donald Fanger",067973452X,9780679734529,5,Vintage Classics,Paperback,136,1994,1864,13/01/2024,29/06/2023,,,read,,,,1,0
60965426,The Creative Act: A Way of Being,Rick Rubin,"Rubin, Rick",,0593652886,9780593652886,5,Penguin Press,Hardcover,406,2023,2023,10/01/2024,10/01/2024,,,read,,,,1,0
45181697,The Doors of Perception and Heaven and Hell,Aldous Huxley,"Huxley, Aldous",,0099573881,9780099573883,5,Vintage Classics,Paperback,144,2004,1956,21/12/2023,04/11/2023,,,read,,,,1,0
41087256,My Year of Rest and Relaxation,Ottessa Moshfegh,"Moshfegh, Ottessa",,1784707422,9781784707422,3,Vintage,Paperback,289,2019,2018,25/12/2023,25/12/2023,,,read,literally “can a girl live”,,,1,0
39999461,Never Enough: The Neuroscience and Experience of Addiction,Judith Grisel,"Grisel, Judith",,0385542844,9780385542845,4,Doubleday,Hardcover,243,2019,2019,20/12/2023,12/04/2023,,,read,,,,2,0
25772375,"Dune (Dune, #1)",Frank Herbert,"Herbert, Frank",,0340960191,9780340960196,5,Hodder,Paperback,577,2015,1965,07/12/2023,23/11/2022,,,read,,,,1,0
52895466,Mitul lui Sisif,Albert Camus,"Camus, Albert",Magda Jeanrenaud,9734681435,9789734681433,4,Polirom,Paperback,192,2020,1942,25/11/2023,25/11/2023,,,read,,,,1,0
1512007,"Moromeții I (Moromeții, #1)",Marin Preda,"Preda, Marin",,9736698416,9789736698415,5,Curtea Veche,Hardcover,416,2009,1955,15/11/2023,15/11/2023,,,read,,,,1,0
7595273,"Moromeții II (Moromeții, #2)",Marin Preda,"Preda, Marin",,,,4,Curtea Veche Publishing,Hardcover,546,2009,1967,25/11/2023,25/11/2023,,,read,,,,1,0
368593,The 4-Hour Workweek,Timothy Ferriss,"Ferriss, Timothy",,0307353133,9780307353139,1,Harmony,ebook,308,2007,2007,10/11/2023,30/11/2022,,,read,“become a dropshipper” <br/>,,,1,0
193005756,Pământeni,Sayaka Murata,"Murata, Sayaka",Iolanda Prodan,973469491X,9789734694914,4,Polirom,Paperback,264,2023,2018,10/11/2023,10/11/2023,,,read,,,,1,0
34439807,Solenoid,Mircea Cărtărescu,"Cărtărescu, Mircea",,9735055996,9789735055998,5,Humanitas,Hardcover,864,2017,2015,31/10/2023,29/05/2023,,,read,,,,1,0
13186063,Moara cu noroc,Ioan Slavici,"Slavici, Ioan",,,9789736699153,3,Curtea Veche,Hardcover,384,2010,1881,14/10/2023,14/10/2023,,,read,,,,1,0
7595276,Enigma Otiliei,George Călinescu,"Călinescu, George",,9736756076,9789736756078,2,Litera Internațional,Hardcover,496,2010,1938,28/10/2023,21/10/2023,,,read,,,,1,0
44319759,Străinul,Albert Camus,"Camus, Albert",Daniel Nicolescu,973467823X,9789734678235,5,Polirom,Mass Market Paperback,200,2019,1942,17/10/2023,15/01/2023,,,read,,,,1,0
41568499,Ion,Liviu Rebreanu,"Rebreanu, Liviu",,,,3,Cartea Românească,Paperback,446,1983,1920,14/10/2023,13/10/2023,,,read,,,,1,0
75501507,Jurnale de călătorie,Albert Camus,"Camus, Albert",,9734691007,9789734691005,4,,Paperback,156,2022,1978,13/10/2023,13/10/2023,,,read,,,,1,0
883743,The Social Contract,Jean-Jacques Rousseau,"Rousseau, Jean-Jacques",Tom Griffith,1853267813,9781853267819,2,Wordsworth Editions Ltd,Paperback,139,1998,1762,12/06/2023,21/02/2023,,,read,,,,1,0
56269264,The Dawn of Everything: A New History of Humanity,David Graeber,"Graeber, David",David Wengrow,0374157359,9780374157357,5,"Farrar, Straus and Giroux",Hardcover,692,2021,2021,06/08/2023,17/05/2023,,,read,,,,1,0
601119,"Cannery Row (Cannery Row, #1)",John Steinbeck,"Steinbeck, John",,0141185082,9780141185088,4,Penguin Books,Paperback,148,2001,1943,05/07/2023,30/06/2023,,,read,,,,1,0
396094,The Great Gatsby,F. Scott Fitzgerald,"Fitzgerald, F. Scott",Tony Tanner,,,4,Penguin Modern Classics,Paperback,177,2000,1925,02/07/2023,23/11/2022,,,read,,,,1,0
35610805,Behave: The Biology of Humans at Our Best and Worst,Robert M. Sapolsky,"Sapolsky, Robert M.",,009957506X,9780099575061,5,Penguin Books,Paperback,790,2018,2017,29/06/2023,12/06/2023,,,read,,,,1,0
33952849,Desire,Haruki Murakami,"Murakami, Haruki",,1784872636,9781784872632,3,Vintage,Paperback,109,2017,2017,28/06/2023,28/06/2023,,,read,,,,1,0
588495,Dracula,Bram Stoker,"Stoker, Bram","Maurice Hindle, Christopher Frayling",,,4,Penguin Classics,Paperback,454,2003,1897,24/06/2023,21/06/2023,,,read,,,,1,0
6564051,Kafka on the Shore,Haruki Murakami,"Murakami, Haruki",,,,5,Vintage,Kindle Edition,505,2005,2002,10/06/2023,02/02/2023,,,read,,,,1,0
12193976,The Art of War,Sun Tzu,"Tzu, Sun",,0007420129,9780007420124,3,Collins Classics,Paperback,96,2011,-500,17/02/2023,09/02/2023,,,read,,,,1,0
70897,The Secret History,Donna Tartt,"Tartt, Donna",,0140167773,9780140167771,4,Penguin Books,Paperback,629,1993,1992,01/06/2023,16/04/2023,,,read,,,,1,0
43459805,The Wind-Up Bird Chronicle,Haruki Murakami,"Murakami, Haruki",Jay Rubin,1784875414,9781784875411,5,Vintage Classics,Paperback,609,2019,1994,14/05/2023,31/03/2023,,,read,,,,1,0
13580811,Pădurea Spânzuraților,Liviu Rebreanu,"Rebreanu, Liviu",,9737923022,,3,Editura Herra ,Softcover,207,2003,1922,02/05/2023,20/04/2023,,,read,"Nu am deloc o apetență pentru stilul narativ rigid și sobru a lui Rebreanu, iar asta mi-a făcut cufundarea în acest univers oarecum dificilă și pe parcursul cărții am fost încontinuu distras de secvențe care mie “nu îmi dădeau bine la ureche”. Poate asta provine și de la nefamiliaritatea cu cărțile mai vechi scrise în română, fiindcă citesc preponderent în engleză. De altfel, mi-a plăcut simetria romanului, prima și ultima scenă fiind highlight-urile romanului prin atmosfera stranie emanată. În rest, acțiunea a reușit să îmi mențină atenția destul de bine, deși, cum am spus, stilul în care este prezentată nu mi-a plăcut. <br/>Apostol Bologa este un personaj ce mi-a stârnit mult interesul, mai ales prin gândurile acestuia care de multe ori sunt, în același timp, diametral opuse. E un intelectual analitic care caută să intoarcă tot pe toate fețele ca să găsească adevărul universal. Mi-a plăcut contextul în care se află, fiind un expat care se confruntă cu eventualitatea de a fi forțat să lupte împotriva conaționalilor săi. Această dilema morală a lui Apostol Bologa mi s-a părut de departe cel mai captivant aspect al cărții.",,,1,0
6389544,Maitreyi,Mircea Eliade,"Eliade, Mircea",Eugen Simion,9736755975,9789736755972,5,Litera Internațional,Hardcover,240,2009,1933,03/05/2023,27/04/2023,,,read,,,,1,0
57739876,To Paradise,Hanya Yanagihara,"Yanagihara, Hanya",,0385547935,9780385547932,5,Doubleday,Hardcover,720,2022,2022,25/04/2023,03/04/2023,,,read,,,,1,0
30474,The Communist Manifesto,Karl Marx,"Marx, Karl","Friedrich Engels, Samuel Moore, Gareth Stedman Jones",0140447571,9780140447576,4,Penguin Books,Paperback,288,2002,1848,28/03/2023,13/03/2023,,,read,,,,1,0
3180338,Brave New World,Aldous Huxley,"Huxley, Aldous","Margaret Atwood, David Bradshaw",,,2,Vintage,Paperback,229,2007,1932,11/03/2023,05/01/2023,,,read,"Conceptually, this book strikes a chord with undeniable heftiness. The exposition is AMAZING. I love how the pretext of explaining how the “Hatchery and Conditioning Centre” works serves the reader with most of the necessary contextual information about this dystopian world. Moreover, the world itself is amazing (conceptually, again). Obviously, I have to draw a comparison with “1984”. The spin put on this authoritarian regime is that, rather than enforcing its ideals through violence and brutality, “The World State” makes use of manipulation, drugs, and govermentally sponsored hedonism. This is where the good aspects of the book end. I hated how there’s barely any descriptive passages of buildings, machinery, vehicles, etc., since it is set 500 years in the future in a hyper-technologised world. The whole plot gets sucked into these really boring trivialities after about 1/3 of the book, until near the end when the conversation between Mustapha Mond, John, Bernard and Helmholtz takes place, one of the only highlights of the entire book. Also, I found it quite weird the way the main character suddenly switches from Bernard to John in the middle of the plot, without any apparent reason? The characters lack complexity and have vastly underdeveloped backgrounds(besides John, I guess), lacking any sort of progression or digression in the end. I won’t even begin to talk about the countless convoluted paragraphs that made no sense to me. I feel that Aldous Huxley forgot throughout this book that it’s supposed to be read by people other than himself. The finale is disappointing and written in a feeble manner, as if the author literally got bored of writing it. <br/>Overall, I wouldn’t recommend this book if you’re not interested in escape fiction only. The world and exposition are wonderful, but they don’t make up for the flaws. Besides this quite charming take on authoritarianism, it left no significant impression upon me.",,,1,0
53422370,Letters from a Stoic,Seneca,"Seneca, Seneca",,0008425051,9780008425050,5,HarperCollins,Paperback,256,2021,64,04/03/2023,21/02/2023,,,read,"I am utterly enthralled by this series of letters. It's the first book on Stoicism l've read, on top of being the first philosophy book so far.<br/>                 Throughout this book I've found myself in a quite pleasant harmony with its teachings, although I differ from them when it comes to the few sections which refer to the hollowness of the pursuit of knowledge, certain mysogynistic/patriarchal remarks(appropriate considering its age), and the polytheistical, or theistical in general, approach to existence, among others, but I diverge.<br/>                I was astonished at just how many of the convictions presented I held previous to ""studying"" Stoicism. This is not to say the study of these letters was in vain, for it has opened up pathways to myriads of new subjects for contemplation and self-reflection I might have otherwise not received sooner. What I can say for sure is that, although offering me but a few incommensurable perspectives so as to spark an internal debate, it has crystallised my own ideas and principles regarding the rest of the matters addressed. Thus, I have an unquenchable desire to consolidate and build upon my own convictions with pieces from this book, for it is filled to the brim with sound insight and reason.<br/>                Now, there is no shortage of passages which could be cited here, but when it comes to memorabilia, virtually the entire book is noteworthy and deserving of remembrance. Besides, as the author himself declared, it is of much greater importance to understand the dull and drawn-out sequences that hold the real knowledge, than to memorise by heart the eccentric, carefully selected words laid out in the most impressive poetic fashion, with the utmost grandiosity.<br/>               Genuinely, I adored this book, more so its discourse, rather converse. It really sparked in me the desire to further my knowledge on Stoicism and philosophy in general through a more deliberate, academic approach, rather than through self-reflection and internal reasoning alone.",,,1,0
5297,The Picture of Dorian Gray,Oscar Wilde,"Wilde, Oscar",Jeffrey Eugenides,,,5,Random House: Modern Library,Paperback,272,2004,1890,23/02/2023,24/12/2022,,,read,"<i> ""There are few of us who have not sometimes wakened before dawn, either after one of those dreamless nights that make us almost enamored of death, or one of those nights of horror and misshapen joy, when through the chambers of the brain sweep phantoms more terrible than reality itself, and instinct with that vivid life that lurks in all grotesques, and that lends to Gothic art its enduring vitality, this art being, one might fancy, especially the art of those who minds have been troubled with the malady of reverie. Gradually white fingers creep through the curtains, and they appear to tremble. In black, fantastic shapes, dumb shadows crawl into the corners of the room, and crouch there. Outside, there is the stirring of the birds among the leaves, or the sound of men going forth to their work, or the sigh and sob of the wind coming down from the hills and wandering round the silent house, as though it feared to wake the sleeper, and yet must needs call forth Sleep from her purple cave. Veil after veil of thin, dusky gauze is lifted, and by degrees the forms and colors of things are restored to them, and we watch the dawn remaking the world in its antique pattern. The wan mirrors get back their mimic life. The flameless tapers stand where we had left them, and beside them lies the half-cut book that we had been studying, or the wired flower that we had worn at the ball, or the letter we had been afraid to read, or that we had read too often. Nothing seems to us changed. Out of the unreal shadows of the night comes back the real life that we had known. We have to resume it where we had left off, and there steals over us a terrible sense of the necessity for the continuance of energy in the same wearisome round of stereotyped habits, or a wild longing, it may be, that our eyelids might open some morning upon a world that had been refashioned anew in the darkness for our pleasure, a world in which things would have fresh shapes and colors, and be changed, or have other secrets, a world in which the past would have little or no place, or survive, at any rate, in no conscious form of obligation or regret, the remembrance even of joy having its bitterness, and the memories of pleasure their pain.”<i/>",,,1,0
8045416,"To Kill a Mockingbird (To Kill a Mockingbird, #1)",Harper Lee,"Lee, Harper",,,,4,Arrow Books,Paperback,309,2010,1960,08/02/2023,23/11/2022,,,read,,,,1,0
17308035,Norwegian Wood,Haruki Murakami,"Murakami, Haruki",,0099584352,9780099584353,4,Einaudi,Paperback,388,2010,1987,21/02/2023,02/02/2023,,,read,"<blockquote><I>Sometimes I feel like the caretaker of a museum - a huge, empty museum where no one ever comes, and I'm watching over it for no one but myself.</I></blockquote>",,,1,0
6184,Wuthering Heights,Emily Brontë,"Brontë, Emily",,0140620125,9780140620122,4,Penguin Books,Paperback,279,1994,1847,15/02/2023,12/07/2022,,,read,,,,1,0
12410969,Tales of Mystery and Imagination,Edgar Allan Poe,"Poe, Edgar Allan",,0007420226,9780007420223,4,Harper Press,Paperback,496,2011,1842,03/02/2023,22/12/2022,,,read,,,,1,0
21944782,The Metamorphosis and other Stories,Franz Kafka,"Kafka, Franz",Christopher Moncrieff,1847493521,9781847493521,4,Alma Classics,Paperback,224,2014,,17/01/2023,24/01/2023,,,read,,,,1,0
61207166,Homoistorii: ieșirea din invizibilitate,Florin Buhuceanu,"Buhuceanu, Florin",,973507575X,9789735075750,5,Humanitas,Paperback,268,2022,2011,23/01/2023,23/11/2022,,,read,,,,1,0
54919991,Animal Farm,George Orwell,"Orwell, George",,,,3,Signet,Paperback,176,2020,1945,05/01/2023,23/10/2022,,,read,,,,1,0
33154385,Atomic Habits: An Easy & Proven Way to Build Good Habits & Break Bad Ones,James Clear,"Clear, James",,,,5,Random House Business,Paperback,306,2018,2018,20/12/2022,21/10/2022,,,read,,,,1,0
57502604,1984,George Orwell,"Orwell, George",Erich Fromm,,,4,Signet Classic,Mass Market Paperback,328,1961,1949,,26/07/2022,,,read,,,,1,0
16032905,Fahrenheit 451,Ray Bradbury,"Bradbury, Ray",,,,3,HarperVoyager,Paperback,227,2008,1963,,26/07/2022,,,read,,,,1,0
41722605,Crime and Punishment,Fyodor Dostoevsky,"Dostoevsky, Fyodor","Constance Garnett, Keith Carabine",,,5,Wordsworth Classics,Paperback,485,2000,1866,23/11/2022,23/10/2022,,,read,,,,1,0
34594573,"Count Zero (Sprawl, #2)",William Gibson,"Gibson, William",,1473217407,9781473217409,4,Gollancz,Paperback,305,2017,1986,30/09/2022,12/07/2022,,,read,,,,1,0
34730177,Burning Chrome,William Gibson,"Gibson, William",Bruce Sterling,147321744X,9781473217447,4,Gollancz,Paperback,204,2017,1986,30/07/2022,26/07/2022,,,read,,,,1,0
45213772,"Metro 2034 (Metro, #2)",Dmitry Glukhovsky,"Glukhovsky, Dmitry","Dmitri Gluhovski, Laura Ciobanu",,,3,Editura Paladin,Hardcover,368,2018,2009,,12/07/2022,,,read,,,,1,0
32603110,Spy the lie - Foști ofițeri CIA te învață cum să detectezi înșelătoriile,Philip Houston,"Houston, Philip",,6067194902,9786067194906,3,Trei,Paperback,216,1970,2012,,12/07/2022,,,read,,,,1,0
59736903,"Metro 2033 (Metro, #1)",Dmitry Glukhovsky,"Glukhovsky, Dmitry",,6069000803,9786069000809,5,Paladin,Hardcover,632,2021,2002,,12/07/2022,,,read,,,,1,0
853510,"Murder on the Orient Express (Hercule Poirot, #10)",Agatha Christie,"Christie, Agatha",,0007119313,9780007119318,4,HarperCollins,Paperback,347,2007,1934,,12/07/2022,,,read,,,,1,0
8537944,Robinson Crusoe,Daniel Defoe,"Defoe, Daniel",,0007350848,9780007350841,4,Collins Classics,Mass Market Paperback,290,2010,1719,,12/07/2022,,,read,,,,1,0
53840718,Fata și războiul,Sara Nović,"Nović, Sara",,,,3,Booklet Fiction,Paperback,287,2017,2015,,12/07/2022,,,read,,,,1,0
43383281,Norocul meu pacatos! (Generala #7),James  Patterson,"Patterson, James",,9731286403,9789731286402,0,Editura Corint,Paperback,320,2015,2015,,28/08/2024,,,read,,,,1,0
18368218,Băiatul miliardar,David Walliams,"Walliams, David",Diana Marin-Caea,6068044459,9786068044453,0,Arthur,Hardcover,184,2013,2010,,28/08/2024,,,read,,,,1,0
30075779,Secretul orasului interzis (Vanatorii de comori #3),James  Patterson,"Patterson, James",,973128673X,9789731286730,0,Editura Corint Junior,Paperback,429,2016,2015,,28/08/2024,,,read,,,,1,0
18075234,Challenger Deep,Neal Shusterman,"Shusterman, Neal",Brendan Shusterman,,,0,HarperCollins,ebook,320,2015,2015,,28/08/2024,,,read,,,,1,0
13413786,"Între Vânturi (La Medeleni, #3)",Ionel Teodoreanu,"Teodoreanu, Ionel",,9736757331,9789736757334,0,Litera,Hardcover,400,2010,1927,,28/08/2024,,,read,,,,1,0
13413782,"Drumuri (La Medeleni, #2)",Ionel Teodoreanu,"Teodoreanu, Ionel",,9736757196,9789736757198,0,Litera,Hardcover,400,2009,1926,,28/08/2024,,,read,,,,1,0
13413777,"Hotarul Nestatornic (La Medeleni, #1)",Ionel Teodoreanu,"Teodoreanu, Ionel",,,,0,Litera,Hardcover,300,2009,1925,,28/08/2024,,,read,,,,1,0
33147417,Corigent la limba română,Ion Minulescu,"Minulescu, Ion",,9731861157,9789731861159,0,Editura Herra,Paperback,224,2008,1928,,28/08/2024,,,read,,,,1,0
59659317,Amintiri din junețe. Alexandru Lăpușneanul,Constantin Negruzzi,"Negruzzi, Constantin",,,9786066950343,0,Editura GRAMAR,Paperback,168,2016,,,28/08/2024,,,read,,,,1,0
43521991,Momente. Schite,Ion Luca Caragiale,"Caragiale, Ion Luca",,973591607X,9789735916077,0,Editura Gramar,Paperback,0,2011,2000,,28/08/2024,,,read,,,,1,0
27858750,Povestea slujitoarei,Margaret Atwood,"Atwood, Margaret",Diana Marin-Caea,,,0,Art,Hardcover,402,2015,1985,,28/08/2024,,,read,,,,1,0
34389218,Coroana celor trei (Coroana celor trei #1),J.D. Rinehart,"Rinehart, J.D.",,6067761416,9786067761412,0,RAO,Hardcover,384,2017,2015,,28/08/2024,,,read,,,,1,0
33649040,"Assassin's Creed: Renaşterea (Assassin's Creed, #1)",Oliver Bowden,"Bowden, Oliver",,,,0,Paladin,Hardcover,416,2016,2009,,28/08/2024,,,read,,,,1,0
35849623,"Assassin's Creed: Frăția (Assassin's Creed, #2)",Oliver Bowden,"Bowden, Oliver",,6068673499,9786068673493,0,Editura PALADIN,Hardcover,432,2017,2010,,28/08/2024,,,read,,,,1,0
30453410,ABC-ul psihopatului de succes,Kevin Dutton,"Dutton, Kevin",Andy McNab,6069385810,9786069385814,0,Globo,Paperback,402,2015,2012,,28/08/2024,,,read,,,,1,0
27507634,George și cheia secretă a universului,Lucy Hawking,"Hawking, Lucy","Stephen W. Hawking, Christophe Galfard, Garry Parsons, Antonia Cristinoi Bursuc",973504336X,9789735043360,0,Humanitas,Paperback,296,2014,2007,,28/08/2024,,,read,,,,1,0
26081679,Vânătorii de comori (Vânătorii de comori #1),James  Patterson,"Patterson, James","Chris Grabenstein, Mark Shulman, Juliana Neufeld, Mădălina Andrei",9731285083,9789731285085,0,Corint Junior,Hardcover,464,2014,2013,,28/08/2024,,,read,,,,1,0
26081701,Pericol pe Nil (Vânătorii de comori #2),James  Patterson,"Patterson, James","Chris Grabenstein, Juliana Neufeld, Adina Rațiu",,9789731286099,0,Corint Junior,Hardcover,464,2015,2014,,28/08/2024,,,read,,,,1,0
27615818,George şi Big Bangul,Lucy Hawking,"Hawking, Lucy","Stephen W. Hawking, Antonia Cristinoi Bursuc, Garry Parsons",9735047241,9789735047245,0,Humanitas,ebook,,2014,2012,,28/08/2024,,,read,,,,1,0
6353134,Amintiri din copilărie,Ion Creangă,"Creangă, Ion",,,,0,Minerva,,130,1971,1877,,28/08/2024,,,read,,,,1,0
28083814,Cuore. Inima de copil,Edmondo de Amicis,"Amicis, Edmondo de",,6066868012,9786066868013,0,Litera,Paperback,320,2014,1886,,28/08/2024,,,read,,,,1,0
16169131,Piciul,Alphonse Daudet,"Daudet, Alphonse",,,,0,,Unknown Binding,,,1868,,28/08/2024,,,read,,,,1,0
60132637,O Scurta Istorie A Lumii (Pb),Ernst H. Gombrich,"Gombrich, Ernst H.",,6067886952,9786067886955,0,Arthur,Paperback,0,2020,,,28/08/2024,,,read,,,,1,0
34946763,Ultima stea (Al cincilea val #3),Rick Yancey,"Yancey, Rick",,,,0,,Hardcover,391,,2016,,28/08/2024,,,read,,,,1,0
25549743,Copiii de făină,Anne Fine,"Fine, Anne",,,9786068620213,0,Editura Arthur,Hardcover,168,2015,1993,,28/08/2024,,,read,,,,1,0
25542118,"În Coadă de Pește (Aripi & Co, #2)",Sally Gardner,"Gardner, Sally",,6068620336,9786068620336,0,Editura Arthur,Hardcover,168,2015,2013,,28/08/2024,,,read,,,,1,0
21448754,Punci cu porunci,Michael Ende,"Ende, Michael",,6068044661,9786068044668,0,Editura Arthur,Hardcover,232,2013,1989,,28/08/2024,,,read,,,,1,0
9858294,Călătoriile lui Gulliver,Jonathan Swift,"Swift, Jonathan",,973986984X,9789739869843,0,Regis,Paperback,288,,1726,,28/08/2024,,,read,,,,1,0
19046976,"Hoţul fulgerului (Percy Jackson şi Olimpienii, #1)",Rick Riordan,"Riordan, Rick",,6068044424,9786068044422,0,Arthur,Hardcover,374,2013,2005,,28/08/2024,,,read,,,,1,0
40746647,De la Pământ la Lună,Jules Verne,"Verne, Jules","Diana-Irina Gabor, Mihaela-Anna Mihailide",6065391506,9786065391505,0,Adevarul Holding,Hardcover,380,2010,1865,,28/08/2024,,,read,,,,1,0
41588581,"Cum să spânzuri o vrăjitoare (Cum să spânzuri o vrăjitoare, #1)",Adriana Mather,"Mather, Adriana",Ela‑Evelina Jianu,6068811522,9786068811529,0,YoungArt,Hardcover,408,2018,2016,,28/08/2024,,,read,,,,1,0
40307253,Răpit de pirați,Robert Louis Stevenson,"Stevenson, Robert Louis",,6067414910,9786067414912,0,Litera,Hardcover,239,2015,1886,,28/08/2024,,,read,,,,1,0
29337395,Theodora Tenpenny și tabloul pierdut,Laura Marx Fitzgerald,"Fitzgerald, Laura Marx",Lavinia Braniște,,,0,Booklet,Hardcover,240,2016,2014,,28/08/2024,,,read,,,,1,0
72413602,Tabara (Romanian Edition),Louis Sachar,"Sachar, Louis",,6067880822,9786067880823,0,Editura Grupul Editorial Art,Hardcover,278,2016,1998,,28/08/2024,,,read,,,,1,0
35166708,"Harry Potter și Pocalul de Foc (Harry Potter, #4)",J.K. Rowling,"Rowling, J.K.",,6067881713,9786067881714,0,Editura Arthur,Hardcover,718,2017,2000,,28/08/2024,,,read,,,,1,0
33403503,"Harry Potter și Prizonierul din Azkaban (Harry Potter, #3)",J.K. Rowling,"Rowling, J.K.",Radu Paraschivescu,6067880261,9786067880267,0,Editura Arthur,Hardcover,458,2016,1999,,28/08/2024,,,read,,,,1,0
17675586,Harry Potter și camera secretelor,J.K. Rowling,"Rowling, J.K.",,,,0,Egmont,Paperback,264,2006,1998,,28/08/2024,,,read,,,,1,0
27858482,Harry Potter și piatra filosofală (Harry Potter #1),J.K. Rowling,"Rowling, J.K.",Florin Bican,6068620735,9786068620732,0,Arthur,Hardcover,354,2015,1997,,28/08/2024,,,read,,,,1,0
21467369,Cum sa faci sa NU citesti. Ghidul lui Charlie Joe Jackson,Tommy Greenwald,"Greenwald, Tommy",,,9786068044545,0,Editura Arthur,Hardcover,228,2014,2011,,28/08/2024,,,read,,,,1,0
117833,The Master and Margarita,Mikhail Bulgakov,"Bulgakov, Mikhail","Diana Lewis Burgin, Katherine Tiernan O'Connor, Ellendea Proffer, Hans Fronius, Михаил Булгаков",0679760806,9780679760801,0,Vintage International,Paperback,372,1996,1967,,25/08/2024,to-read,to-read (#76),to-read,,,,0,0
62812,"Runaway Horses (The Sea of Fertility, #2)",Yukio Mishima,"Mishima, Yukio",,,,0,Vintage Classics,Paperback,432,1999,1969,,13/08/2024,to-read,to-read (#75),to-read,,,,0,0
536387,The Flowers of Evil,Charles Baudelaire,"Baudelaire, Charles",Jonathan D. Culler,0192835459,9780192835451,0,Oxford University Press,Paperback,464,1998,1857,,13/08/2024,to-read,to-read (#74),to-read,,,,0,0
36436100,Notes on ‘Camp’,Susan Sontag,"Sontag, Susan",,0241339707,9780241339701,0,Penguin Classics,Paperback,57,2018,1964,,12/08/2024,to-read,to-read (#73),to-read,,,,0,0
535856,The Diary of a Nobody,George Grossmith,"Grossmith, George",Weedon Grossmith,0192833278,9780192833273,0,Oxford University Press,Paperback,176,1998,1892,,12/08/2024,to-read,to-read (#72),to-read,,,,0,0
1594229,Love and Terror,William Herrick,"Herrick, William",,0811208419,9780811208413,0,New Directions,Paperback,,1982,1981,,12/08/2024,to-read,to-read (#71),to-read,,,,0,0
45415498,Borrasca,C.K. Walker,"Walker, C.K.",,,,0,https://ck-walker.com/,ebook,240,2018,2018,,10/08/2024,to-read,to-read (#70),to-read,,,,0,0
64582,Chaos: Making a New Science,James Gleick,"Gleick, James",,0140092501,9780140092509,0,Penguin Group,Paperback,352,1988,1987,,06/07/2024,to-read,to-read (#69),to-read,,,,0,0
6219656,The Lottery,Shirley Jackson,"Jackson, Shirley",,1563127873,9781563127878,0,Perfection Learning,Paperback,30,1990,1948,,17/06/2024,to-read,to-read (#68),to-read,,,,0,0
99561,Looking for Alaska,John  Green,"Green, John",,1435249151,9781435249158,0,Speak,Paperback,221,2006,2005,,17/06/2024,to-read,to-read (#67),to-read,,,,0,0
13623848,The Song of Achilles,Madeline Miller,"Miller, Madeline",,,,0,Ecco,Paperback,408,2012,2011,,17/06/2024,to-read,to-read (#66),to-read,,,,0,0
49090884,Tender Is the Flesh,Agustina Bazterrica,"Bazterrica, Agustina",Sarah Moses,,,0,Scribner,Paperback,209,2020,2017,,17/06/2024,to-read,to-read (#65),to-read,,,,0,0
24800,House of Leaves,Mark Z. Danielewski,"Danielewski, Mark Z.",,,,0,Random House,Paperback,709,2000,2000,,17/06/2024,to-read,to-read (#64),to-read,,,,0,0
1842,"Guns, Germs, and Steel: The Fates of Human Societies",Jared Diamond,"Diamond, Jared",,0739467352,9780739467350,0,W.W. Norton & Company,Paperback,498,2005,1997,,15/06/2024,to-read,to-read (#63),to-read,,,,0,0
796665,Material Beings,Peter van Inwagen,"Inwagen, Peter van",,0801483069,9780801483066,0,Cornell University Press,Paperback,288,1995,1990,,15/06/2024,to-read,to-read (#62),to-read,,,,0,0
40604658,"Jurassic Park (Jurassic Park, #1)",Michael Crichton,"Crichton, Michael",,0307763056,9780307763051,0,Ballantine Books,Kindle Edition,466,2012,1990,,08/06/2024,to-read,to-read (#61),to-read,,,,0,0
6632635,Ecce Homo: How One Becomes What One Is,Friedrich Nietzsche,"Nietzsche, Friedrich",Duncan Large,0199552568,9780199552566,0,Oxford University Press,Paperback,176,2009,1908,,02/06/2024,to-read,to-read (#60),to-read,,,,0,0
16040325,Twilight of the Idols and Anti-Christ,Friedrich Nietzsche,"Nietzsche, Friedrich",,,,0,Penguin Books,Paperback,210,1990,1889,,02/06/2024,to-read,to-read (#59),to-read,,,,0,0
2175,Madame Bovary,Gustave Flaubert,"Flaubert, Gustave","Mark Overstall, Malcolm Bowie, Margaret Mauldon",0192840398,9780192840394,0,Oxford University Press,Paperback,329,2004,1856,,02/06/2024,to-read,to-read (#58),to-read,,,,0,0
30823597,Exuvii,Simona Popescu,"Popescu, Simona",,9734662147,9789734662142,0,Polirom,Mass Market Paperback,344,2016,1997,,02/06/2024,to-read,to-read (#57),to-read,,,,0,0
123258757,Death in Midsummer,Yukio Mishima,"Mishima, Yukio",,0241630851,9780241630853,0,Penguin Classics,Hardcover,272,2023,1966,,02/06/2024,to-read,to-read (#56),to-read,,,,0,0
57933315,The Sun Also Rises,Ernest Hemingway,"Hemingway, Ernest",,0593201132,9780593201138,0,Signet Classics,Paperback,243,2022,1926,,02/06/2024,to-read,to-read (#55),to-read,,,,0,0
200784860,Lucky Jim,Kingsley Amis,"Amis, Kingsley",David Lodge,0141182598,9780141182599,0,Penguin,Paperback,251,2000,1954,,02/06/2024,to-read,to-read (#53),to-read,,,,0,0
32994468,Inocenții,Ioana Pârvulescu,"Pârvulescu, Ioana",,9735054698,9789735054694,0,Humanitas,Paperback,335,2016,2016,,02/06/2024,to-read,to-read (#52),to-read,,,,0,0
55518587,Nausea,Jean-Paul Sartre,"Sartre, Jean-Paul","James  Wood, Robert Baldick",014118549X,9780141185491,0,Penguin Books,Paperback,227,2020,1938,,02/06/2024,to-read,to-read (#51),to-read,,,,0,0
7745,Fear and Loathing in Las Vegas: A Savage Journey to the Heart of the American Dream,Hunter S. Thompson,"Thompson, Hunter S.",Ralph Steadman,0679785892,9780679785897,0,Vintage Books,Paperback,204,1998,1971,,28/05/2024,to-read,to-read (#50),to-read,,,,0,0
448781,The Old Regime and the French Revolution,Alexis de Tocqueville,"Tocqueville, Alexis de",Stuart Gilbert,0385092601,9780385092609,0,Anchor,Paperback,320,1955,1856,,31/03/2024,to-read,to-read (#49),to-read,,,,0,0
60715678,Dezrădăcinare,Sașa Zare,"Zare, Sașa",,6069028597,9786069028599,0,frACTalia,Paperback,420,2022,,,20/11/2023,to-read,to-read (#48),to-read,,,,0,0
35604796,What Is Real?: The Unfinished Quest for the Meaning of Quantum Physics,Adam  Becker,"Becker, Adam",,0465096050,9780465096053,0,Basic Books,Hardcover,384,2018,2018,,04/11/2023,to-read,to-read (#47),to-read,,,,0,0
6763725,Capitalist Realism: Is There No Alternative?,Mark Fisher,"Fisher, Mark",,1846943175,9781846943171,0,Zero Books,Paperback,81,2009,2009,,30/10/2023,to-read,to-read (#46),to-read,,,,0,0
381440,The Society of the Spectacle,Guy Debord,"Debord, Guy",Donald Nicholson-Smith,0942299795,9780942299793,0,Zone Books,Paperback,154,1995,1967,,30/10/2023,to-read,to-read (#45),to-read,,,,0,0
4764823,Concert din muzică de Bach,Hortensia Papadat-Bengescu,"Papadat-Bengescu, Hortensia",,9735915162,9789735915162,0,Gramar,Paperback,238,2006,1927,,09/10/2023,to-read,to-read (#44),to-read,,,,0,0
240910,Rum Punch (Ordell Robbie & Louis Gara #2),Elmore Leonard,"Leonard, Elmore",,0753819732,9780753819739,0,Phoenix Paperbacks,Paperback,304,2004,1992,,05/09/2023,to-read,to-read (#43),to-read,,,,0,0
53487237,A Swim in a Pond in the Rain,George Saunders,"Saunders, George",,1984856049,9781984856043,0,Random House,Kindle Edition,403,2021,2021,,27/08/2023,to-read,to-read (#42),to-read,,,,0,0
18622326,Mary Barton,Elizabeth Gaskell,"Gaskell, Elizabeth",MacDonald Daly,014043464X,9780140434644,0,Penguin Books,Paperback,417,1996,1848,,29/07/2023,to-read,to-read (#41),to-read,,,,0,0
56077,"Sweet Thursday (Cannery Row, #2)",John Steinbeck,"Steinbeck, John",Robert DeMott,0143039474,9780143039471,0,Penguin Classics,Paperback,249,2008,1954,,05/07/2023,to-read,to-read (#40),to-read,,,,0,0
747746,The Curious Case of Benjamin Button,F. Scott Fitzgerald,"Fitzgerald, F. Scott",Calef Brown,1416556052,9781416556053,0,Scribner,Paperback,56,2007,1922,,30/06/2023,to-read,to-read (#39),to-read,,,,0,0
18135,Romeo and Juliet,William Shakespeare,"Shakespeare, William",,0743477111,9780743477116,0,Washington Square Press,Mass Market Paperback,281,2002,1590,,30/06/2023,to-read,to-read (#38),to-read,,,,0,0
14942,Mrs. Dalloway,Virginia Woolf,"Woolf, Virginia",Maureen Howard,0151009988,9780151009985,0,Houghton Mifflin Harcourt,Hardcover,194,2002,1925,,30/06/2023,to-read,to-read (#37),to-read,,,,0,0
3836,Don Quixote,Miguel de Cervantes Saavedra,"Saavedra, Miguel de Cervantes","Roberto González Echevarría, John Rutherford",,,0,Penguin Books,Paperback,1023,2003,1605,,29/06/2023,to-read,to-read (#36),to-read,,,,0,0
38500,Women,Charles Bukowski,"Bukowski, Charles",,0061177598,9780061177590,0,Ecco,Paperback,291,2007,1978,,29/06/2023,to-read,to-read (#35),to-read,,,,0,0
1934,"Little Women (Little Women, #1)",Louisa May Alcott,"Alcott, Louisa May","Regina Barreca, Grzegorz Komerski, Marta Fihel",,,0,Signet Classics,Mass Market Paperback,449,2004,1868,,29/06/2023,to-read,to-read (#34),to-read,,,,0,0
338798,Ulysses,James Joyce,"Joyce, James","Morris L. Ernst, John M. Woolsey",,,0,Vintage,Paperback,783,1990,1922,,29/06/2023,to-read,to-read (#33),to-read,,,,0,0
656,War and Peace,Leo Tolstoy,"Tolstoy, Leo","Aylmer Maude, Louise Maude",0192833987,9780192833983,0,Oxford University Press,Paperback,1392,1998,1868,,29/06/2023,to-read,to-read (#32),to-read,,,,0,0
41817486,A Clockwork Orange,Anthony Burgess,"Burgess, Anthony",,0393341763,9780393341768,0,W. W. Norton & Company,Paperback,240,2019,1962,,29/06/2023,to-read,to-read (#31),to-read,,,,0,0
7126,The Count of Monte Cristo,Alexandre Dumas,"Dumas, Alexandre",Robin Buss,0140449264,9780140449266,0,Penguin Classics,Paperback,1276,2003,1846,,29/06/2023,to-read,to-read (#30),to-read,,,,0,0
890,Of Mice and Men,John Steinbeck,"Steinbeck, John",,0142000671,9780142000670,0,Penguin Books,Paperback,107,2002,1937,,21/06/2023,to-read,to-read (#29),to-read,,,,0,0
15790264,Stoner,John  Williams,"Williams, John",John McGahern,,,0,Vintage,Paperback,306,2012,1965,,21/06/2023,to-read,to-read (#28),to-read,,,,0,0
16634,The Glass Bead Game,Hermann Hesse,"Hesse, Hermann","Richard Winston, Clara Winston, Theodore Ziolkowski",0312278497,9780312278496,0,Holt Paperbacks,Paperback,558,1998,1943,,12/06/2023,to-read,to-read (#27),to-read,,,,0,0
10244169,Lolita,Vladimir Nabokov,"Nabokov, Vladimir",,024195164X,9780241951644,0,Penguin,Mass Market Paperback,361,2011,1955,,06/05/2023,to-read,to-read (#23),to-read,,,,0,0
30319086,If We Were Villains,M.L. Rio,"Rio, M.L.",,125009528X,9781250095282,0,Flatiron Books,Hardcover,354,2017,2017,,01/06/2023,to-read,to-read (#26),to-read,,,,0,0
42925067,Graphic Design For Everyone: Understand the Building Blocks so You can Do It Yourself,Cath  Caldwell,"Caldwell, Cath",,146548180X,9781465481801,0,DK,Hardcover,224,2019,,,11/04/2023,to-read,to-read (#25),to-read,,,,0,0
10721303,O sută de ani de zile la Porțile Orientului,Ioan Groșan,"Groșan, Ioan",,9734607510,9789734607518,0,Polirom,Hardcover,344,2007,1992,,17/05/2023,to-read,to-read (#24),to-read,,,,0,0
12932529,Eseuri,Emil M. Cioran,"Cioran, Emil M.",Modest Morariu,,,0,Cartea Românească,Paperback,328,1988,1988,,02/05/2023,to-read,to-read (#22),to-read,,,,0,0
28257707,The Subtle Art of Not Giving a F*ck: A Counterintuitive Approach to Living a Good Life,Mark Manson,"Manson, Mark",,,9798804636129,0,Harper,Paperback,212,2016,2016,,12/04/2023,to-read,to-read (#21),to-read,,,,0,0
29093292,"The Daily Stoic: 366 Meditations on Wisdom, Perseverance, and the Art of Living",Ryan Holiday,"Holiday, Ryan",Stephen Hanselman,,,0,Portfolio,Hardcover,416,2016,2016,,31/03/2023,to-read,to-read (#20),to-read,,,,0,0
28862,The Prince,Niccolò Machiavelli,"Machiavelli, Niccolò","Rufus Goodwin, Benjamin Martinez, W.K. Marriott, Denis Daly, Μαρία Κασωτάκη",0937832383,9780937832387,0,Dante University Press,Paperback,144,2014,1513,,13/03/2023,to-read,to-read (#19),to-read,,,,0,0
91953,Leviathan,Thomas Hobbes,"Hobbes, Thomas","Marshall Missner, Crawford Brough Macpherson",0140431950,9780140431957,0,Penguin Books,Paperback,736,1981,1651,,13/03/2023,to-read,to-read (#18),to-read,,,,0,0
16619,Democracy in America,Alexis de Tocqueville,"Tocqueville, Alexis de","Isaac Kramnick, Gerald Bevan",0140447601,9780140447606,0,Penguin Classics,Paperback,983,2003,1835,,13/03/2023,to-read,to-read (#17),to-read,,,,0,0
18288,Critique of Pure Reason,Immanuel Kant,"Kant, Immanuel","Paul Guyer, Allen W. Wood",0521657296,9780521657297,0,Cambridge University Press,Paperback,785,1999,1781,,13/03/2023,to-read,to-read (#16),to-read,,,,0,0
80311,A Treatise of Human Nature,David Hume,"Hume, David",,1406927554,9781406927559,0,Hard Press,Paperback,434,2006,1739,,13/03/2023,to-read,to-read (#15),to-read,,,,0,0
210255,Against Nature,Joris-Karl Huysmans,"Huysmans, Joris-Karl","Patrick McGuiness, Robert Baldick",0140447636,9780140447637,0,Penguin Classics,Paperback,288,2004,1884,,23/02/2023,to-read,to-read (#14),to-read,,,,0,0
16126596,The People in the Trees,Hanya Yanagihara,"Yanagihara, Hanya",,0385536771,9780385536776,0,Doubleday,Hardcover,369,2013,2013,,21/02/2023,to-read,to-read (#13),to-read,,,,0,0
4934,The Brothers Karamazov,Fyodor Dostoevsky,"Dostoevsky, Fyodor","Richard Pevear, Larissa Volokhonsky",0374528373,9780374528379,0,"Farrar, Straus and Giroux",Paperback,796,2002,1879,,21/02/2023,to-read,to-read (#12),to-read,,,,0,0
30659,Meditations,Marcus Aurelius,"Aurelius, Marcus",Martin Hammond,0140449337,9780140449334,0,Penguin Books,Paperback,254,2006,180,,21/02/2023,to-read,to-read (#11),to-read,,,,0,0
12321,Beyond Good and Evil,Friedrich Nietzsche,"Nietzsche, Friedrich","Michael Tanner, R.J. Hollingdale",014044923X,9780140449235,0,Penguin Classics,Paperback,240,2003,1886,,21/02/2023,to-read,to-read (#10),to-read,,,,0,0
1420,Hamlet,William Shakespeare,"Shakespeare, William","Harold Bloom, Rex Gibson, Israel Gollancz, Henry Norman Hudson, L.A. Sherman, Max J. Herzberg",0521618746,9780521618748,0,Cambridge University Press,Paperback,289,2005,1601,,21/02/2023,to-read,to-read (#9),to-read,,,,0,0
17933882,Selected Ambient Works Volume II,Marc Weidenbaum,"Weidenbaum, Marc",,1623568900,9781623568900,0,Bloomsbury Academic,Paperback,144,2014,2014,,18/02/2023,to-read,to-read (#8),to-read,,,,0,0
24817626,Go Set a Watchman,Harper Lee,"Lee, Harper",,0062409859,9780062409850,0,HarperCollins,Hardcover,278,2015,2015,,08/02/2023,to-read,to-read (#7),to-read,,,,0,0
15772884,1Q84,Haruki Murakami,"Murakami, Haruki","Jay Rubin, Philip Gabriel",0099578077,9780099578079,0,Vintage,Paperback,1318,2012,2009,,02/02/2023,to-read,to-read (#6),to-read,,,,0,0
13525945,So Good They Can't Ignore You: Why Skills Trump Passion in the Quest for Work You Love,Cal Newport,"Newport, Cal",,1455509108,9781455509102,0,Business Plus,Kindle Edition,288,2012,2012,,23/01/2023,to-read,to-read (#5),to-read,,,,0,0
17690,The Trial,Franz Kafka,"Kafka, Franz","Max Brod, Willa Muir, Edwin Muir",,,0,Vintage,Paperback,255,2001,1925,,09/01/2023,to-read,to-read (#4),to-read,,,,0,0
30597,The Hunchback of Notre-Dame,Victor Hugo,"Hugo, Victor","Walter J. Cobb, Lucie Konvičková",0451527887,9780451527882,0,Signet Classics,Paperback,510,2001,1831,,24/12/2022,to-read,to-read (#3),to-read,,,,0,0
1371,The Iliad,Homer,"Homer, Homer","Robert Fagles, Bernard Knox",0140275363,9780140275360,0,Penguin Classics,Paperback,614,1999,-750,,24/12/2022,to-read,to-read (#2),to-read,,,,0,0
1381,The Odyssey,Homer,"Homer, Homer","Robert Fagles, Bernard Knox",0143039954,9780143039952,0,Penguin Classics ,Paperback,541,2006,-750,,24/12/2022,to-read,to-read (#1),to-read,,,,0,0
329803,The Insulted and Humiliated,Fyodor Dostoevsky,"Dostoevsky, Fyodor",Fyodor Dostoyevsky,0898751047,9780898751048,0,University Press of the Pacific,Paperback,460,2000,1861,,10/11/2022,to-read,to-read (#1),to-read,,,,0,0