RYM Album, First Name,Last Name,First Name localized, Last Name localized,Title,Release_Date,Rating,Ownership,Purchase Date,Media Type
"8047275","","$uicideboy$","","","I Want to Die in New Orleans","2018","6","n","",""
"8507219","","$uicideboy$","","","Kill Yourself Part XX: The Infinity Saga","2017","5","n","",""
"8023787","","$uicideboy$ x Germ","","","DIRTIERNASTIER$UICIDE","2017","6","n","",""
"7313299","","$uicideboy$ x Germ","","","DIRTYNASTY$UICIDE","2016","5","n","",""
"15664910","","¥$","","","Vultures 2","2024","1","n","",""
"13599582","","100 gecs","","","10,000 gecs","2023","6","n","",""
"10326582","","100 gecs","","","1000 gecs","2019","8","n","",""
"10766036","","100 gecs","","","1000 gecs and the Tree of Clues","2020","7","n","",""
"9799861","","21 Savage","","","i am > i was","2018","4","n","",""
"8395561","","21 Savage","","","Issa Album","2017","3","n","",""
"8703612","","21 Savage, Offset &amp; Metro Boomin","","","Without Warning","2017","6","n","",""
"14799985","","5GANG","","","24/7","2019","1","n","",""
"9719115","","6ix9ine","","","Dummy Boy","2018","2","n","",""
"11940802","","6ix9ine","","","TattleTales","2020","1","n","",""
"15623287","","9090gate","","","London's Saviour","2023","7","n","",""
"6335831","","A$AP Rocky","","","At.Long.Last.A$AP","2015","8","n","",""
"16781671","","A$AP Rocky","","","Don't Be Dumb","2026","4","n","",""
"3717196","","A$AP Rocky","","","LiveLoveA$AP","2011","8","n","",""
"3959957","","A$AP Rocky","","","Long.Live.A$AP","2013","6","n","",""
"9268835","","A$AP Rocky","","","Testing","2018","5","n","",""
"1611","","ABBA","","","ABBA Gold: Greatest Hits","1992","8","o","","CD"
"4385496","","Acrania","","","The Beginning of the End","2013","6","n","",""
"4631232","","Acrania","","","Totalitarian Dystopia","2014","6","n","",""
"9697193","","Acrania","","","Tyrannical Hierarchy: Vol. 1","2018","6","n","",""
"3182509","","Adele","","","21","2011","7","n","",""
"410","","AIR","","","Moon Safari","1998","7","n","",""
"15910117","","Alex si Tugay &amp; Tugay si Alex","","","NU","2024","9","n","",""
"15887342","","Alex si Tugay &amp; Tugay si Alex","","","Nu mă enerva frate 4","2017","3","n","",""
"14762611","","Alex si Tugay &amp; Tugay si Alex","","","Nu mă judeca frate - Nu mă uita frate 3","2018","10","o","","CD"
"16711798","","Alex si Tugay &amp; Tugay si Alex","","","Nu mă judeca frate - Nu mă uita frate 3","2018","10","o","","CD"
"13980182","","Alice in Chains","","","Alice in Chains","2014","8","n","",""
"1045","","Alice in Chains","","","Dirt","1992","8","n","",""
"1043","","Alice in Chains","","","Facelift","1990","8","n","",""
"1046","","Alice in Chains","","","Jar of Flies","1994","9","n","",""
"34633","","Alice in Chains","","","Jar of Flies / Sap","1994","8","o","","CD"
"1044","","Alice in Chains","","","Sap","1992","6","n","",""
"8107759","Nicu","Alifantis","","","Madame mon amour (Cântece de iubire)","2016","7","n","",""
"1236604","","Alternosfera","","","Visători cu plumb în ochi... Sau ultima scrisoare pentru femeia nordică","2007","8","n","",""
"6589","","America","","","America","1971","5","n","",""
"9553","","American Football","","","American Football","1999","7","n","",""
"8610630","","Am Fost la Munte și Mi-a Plăcut","","","S-a rezolvat. Nu se poate.","2017","6","n","",""
"10110772","","Amon Amarth","","","Berserker","2019","6","n","",""
"7077884","","Amon Amarth","","","Jomsviking","2016","6","n","",""
"35061","The","Angels of Light","","","How I Loved You","2001","5","n","",""
"9550","","Aphex Twin","","","Come to Daddy","1997","7","n","",""
"7806174","","Aphex Twin","","","Digeridoo","2010","7","n","",""
"3017","","Aphex Twin","","","Drukqs","2001","8","n","",""
"9411","","Aphex Twin","","","...I Care Because You Do","1995","7","n","",""
"5053","","Aphex Twin","","","Richard D. James Album","1996","7","n","",""
"2590","","Aphex Twin","","","Selected Ambient Works 85-92","1992","9","o","","CD"
"8797","","Aphex Twin","","","Selected Ambient Works Volume II","1994","8","n","",""
"5756831","","Aphex Twin","","","Syro","2014","8","n","",""
"25827","","Aphex Twin","","","Windowlicker","1999","8","n","",""
"11245349","Fiona","Apple","","","Fetch the Bolt Cutters","2020","7","n","",""
"217","Fiona","Apple","","","When the Pawn","1999","9","n","",""
"4608907","","Arctic Monkeys","","","AM","2013","6","n","",""
"16197677","","Asincron","","","all i had, i gave","2024","7","n","",""
"12641792","","Azteca","","","Maktub","2020","4","n","",""
"12871414","","Azteca","","","RMN","2021","5","n","",""
"12607420","","Azteca","","","Sute Albastre","2018","5","n","",""
"13046112","","Baby Keem","","","The Melodic Blue","2021","4","n","",""
"133797","Angelo","Badalamenti","","","Twin Peaks","1990","9","n","",""
"16207676","","Bad Bunny","","","Debí tirar más fotos","2025","6","n","",""
"12278243","","Bad Nerves","","","Bad Nerves","2020","4","n","",""
"4111","","Bathory","","","Bathory","1984","6","n","",""
"9948923","","bbno$","","","Recess","2019","6","n","",""
"63","The","Beach Boys","","","Pet Sounds","1966","7","n","",""
"12","The","Beatles","","","Abbey Road","1969","10","n","",""
"678937","The","Beatles","","","Love","2006","0","o","","CD"
"13255061","The","Beatles","","","Magical Mystery Tour","2015","9","n","",""
"12936208","The","Beatles","","","Revolver","2018","8","n","",""
"12936235","The","Beatles","","","Rubber Soul","2015","8","n","",""
"842513","The","Beatles","","","Sgt. Pepper's Lonely Hearts Club Band","1987","9","o","","CD"
"10818770","The","Beatles","","","Sgt. Pepper's Lonely Hearts Club Band","2015","9","n","",""
"8","The","Beatles","","","The Beatles [White Album]","1968","8","n","",""
"34676","","Behemoth","","","Thelema.6","2000","5","n","",""
"3819574","Justin","Bieber","","","Believe","2012","4","n","",""
"11080619","Justin","Bieber","","","Changes","2020","1","n","",""
"12738740","Justin","Bieber","","","Justice","2021","2","n","",""
"6799367","Justin","Bieber","","","Purpose","2015","4","n","",""
"15331825","P","Bitt","","","Ring","2023","4","n","",""
"16022660","Alex","Bittman","","","Lost Tapes","2020","6","n","",""
"16381122","Alex","Bittman","","","Love Language","2025","6","n","",""
"255710","","Björk","","","Debut","1993","8","o","","CD"
"879","","Björk","","","Debut","1993","8","n","",""
"15092368","","Björk","","","Homogenic","2018","9","n","",""
"3351292","","Björk","","","Homogenic","1997","0","w","","CD"
"13801985","","Black Country, New Road","","","Ants From Up There","2022","8","n","",""
"16293432","","Black Country, New Road","","","Forever Howlong","2025","7","n","",""
"14741829","","black midi","","","Hellfire","2022","5","n","",""
"2157","","Black Sabbath","","","Black Sabbath","1970","9","n","",""
"2281","","Black Sabbath","","","Heaven and Hell","1980","8","n","",""
"2277","","Black Sabbath","","","Master of Reality","1971","8","n","",""
"2276","","Black Sabbath","","","Paranoid","1970","9","n","",""
"15818243","","Bladee","","","Cold Visions","2024","7","n","",""
"14537578","","Bladee &amp; Ecco2k","","","Crest","2022","6","n","",""
"8490048","","Bladee, Ecco2k &amp; Thaiboy Digital","","","D&amp;G","2017","6","n","",""
"210605","","Bloc Party","","","Silent Alarm","2005","6","n","",""
"8201892","","Blue Iverson","","","Hotep","2017","5","n","",""
"10622791","Dean","Blunt","","","ZUSHI!","2019","5","n","",""
"1195105","","Blur","","","Blur","1997","8","o","","CD"
"332","","Blur","","","Blur","1997","8","n","",""
"53444","","Blur","","","The Best Of","2000","8","o","","CD"
"664559","","Blur","","","The Great Escape","1995","7","n","",""
"5687","","Boards of Canada","","","Geogaddi","2002","8","n","",""
"2591","","Boards of Canada","","","Music Has the Right to Children","1998","9","n","",""
"358836","","Boards of Canada","","","The Campfire Headphase","2005","7","n","",""
"8334977","","Bones","","","NoRedeemingQualities","2017","5","n","",""
"5026735","","Bones","","","PaidProgramming","2013","5","n","",""
"6018568","","Bones","","","Rotten","2014","6","n","",""
"8198048","","Bones","","","Unrendered","2017","6","n","",""
"16421462","Benson","Boone","","","American Heart","2025","2","n","",""
"3346050","","Boris","","","Heavy Rocks","2011","6","n","",""
"16006333","","Bosquito","","","Babylon","2014","7","n","",""
"4163346","","Bosquito","","","Fărâme din soare","2004","6","n","",""
"8789625","Pi'erre","Bourne","","","The Life of Pi'erre 4","2019","6","n","",""
"623","David","Bowie","","","The Rise and Fall of Ziggy Stardust and The Spiders From Mars","1972","8","n","",""
"8527774","","BROCKHAMPTON","","","Saturation III","2017","6","n","",""
"868130","Michael","Bublé","","","Call Me Irresponsible","2007","0","o","","CD"
"902","Jeff","Buckley","","","Grace","1994","7","n","",""
"4945698","","Bucovina","","","Sub stele","2013","6","n","",""
"853503","","B.U.G. Mafia","","","Întotdeauna pentru totdeauna","2000","6","n","",""
"4011","","Burzum","","","Det som engang var","1993","7","n","",""
"4014","","Burzum","","","Filosofem","1996","8","n","",""
"3377949","","C418","","","Minecraft: Volume Alpha","2011","9","n","",""
"16099438","Ethel","Cain","","","Perverts","2025","6","n","",""
"12781813","","Calinacho","","","Femei bautura necaz","2021","7","n","",""
"14882386","","Calinacho","","","Într-o bună zi o să fim bine","2022","5","n","",""
"12834957","","Calinacho &amp; Foreign Boys","","","PPC","2020","4","n","",""
"6156","","Can","","","Tago Mago","1971","9","n","",""
"16370676","","Candelabro","","","Deseo, carne y voluntad","2025","8","n","",""
"1800","","Captain Beefheart &amp; His Magic Band","","","Trout Mask Replica","1969","5","n","",""
"558901","","Cargo","","","Spiritus Sanctus","2003","5","n","",""
"61725","","Cargo","","","Ziua vrăjitoarelor","1998","6","n","",""
"8988251","","Carla's Dreams","","","Antiexemplu","2017","4","n","",""
"8987659","","Carla's Dreams","","","Ngoc","2016","5","n","",""
"15891517","Sabrina","Carpenter","","","Short n' Sweet","2024","6","n","",""
"11177881","","Car Seat Headrest","","","Making a Door Less Open","2020","6","n","",""
"7048527","","Car Seat Headrest","","","Teens of Denial","2016","7","n","",""
"16346702","","Car Seat Headrest","","","The Scholars","2025","7","n","",""
"8995034","","Car Seat Headrest","","","Twin Fantasy","2018","10","n","",""
"3738650","","Car Seat Headrest","","","Twin Fantasy","2011","8","n","",""
"15305112","Ken","Carson","","","A Great Chaos","2023","4","n","",""
"486","","Catatonia","","","International Velvet","1998","7","n","",""
"542428","","Celelalte Cuvinte","","","Celelalte Cuvinte","1987","6","n","",""
"15782425","","Charli xcx","","","Brat","2024","9","o","","CD"
"15723703","","Charli xcx","","","Brat","2024","8","n","",""
"563","The","Chemical Brothers","","","Dig Your Own Hole","1997","7","n","",""
"562","The","Chemical Brothers","","","Exit Planet Dust","1995","9","o","","CD"
"15032","","Chevelle","","","Wonder What's Next","2002","7","n","",""
"7817885","","Childish Gambino","","","&#34;Awaken, My Love!&#34;","2016","8","n","",""
"4901419","","Childish Gambino","","","Because the Internet","2013","6","n","",""
"8155932","","Cigarettes After Sex","","","Cigarettes After Sex","2017","7","n","",""
"10597198","","Cigarettes After Sex","","","Cry","2019","6","n","",""
"15859408","","Clairo","","","Charm","2024","3","n","",""
"236","The","Clash","","","London Calling","1979","8","n","",""
"15923812","","Clipse","","","Let God Sort Em Out","2025","8","n","",""
"6788036","Kurt","Cobain","","","Montage of Heck: The Home Recordings","2015","6","n","",""
"13860067","","Cocteau Twins","","","Heaven or Las Vegas","","9","n","",""
"7608992","Leonard","Cohen","","","You Want It Darker","2016","6","n","",""
"16365085","","Cojo","","","Erupt","2025","6","n","",""
"10702","John","Coltrane","","","A Love Supreme","1965","8","n","",""
"134428","","Con Funk Shun","","","7","1981","5","n","",""
"922570","","Controlul Tehnic de Calitate","","","Dificultăţi tehnice","2005","6","n","",""
"16410866","","Coridor, Apt.","","","Interior.","2025","6","n","",""
"15412496","Ștefan","Costea","","","Summertime Madness","2023","3","n","",""
"242046","Elizabeth","Cotten","","","Folksongs and Instrumentals With Guitar","1958","6","n","",""
"259448","The","Cramps","","","...Off the Bone","1983","7","n","",""
"12965","The","Cramps","","","Psychedelic Jungle","1981","8","n","",""
"4946","","Cream","","","Disraeli Gears","1967","8","n","",""
"16013353","","Cred Că Sunt Extraterestru","","","Medicament","2020","0","n","",""
"3788062","Jim","Croce","","","The Original Albums: Plus Bonus Tracks","2011","7","n","",""
"3608","Julee","Cruise","","","Floating Into the Night","1989","9","n","",""
"11657051","","Crystal Castles","","","I","2011","7","n","",""
"1298652","The","Cucumbers","","","The Cucumbers","1987","5","n","",""
"324","The","Cure","","","Disintegration","1989","7","n","",""
"320","The","Cure","","","Pornography","1982","8","n","",""
"6717226","Miley","Cyrus","","","Miley Cyrus &amp; Her Dead Petz","2015","2","n","",""
"12171003","Miley","Cyrus","","","Plastic Hearts","2020","7","n","",""
"8491709","Miley","Cyrus","","","Younger Now","2017","3","n","",""
"22327","","Daft Punk","","","Alive 1997","2001","8","n","",""
"6288552","","Daft Punk","","","Alive 2007","2014","8","o","","LP"
"2863","","Daft Punk","","","Discovery","2001","9","n","",""
"3887","","Daft Punk","","","Homework","1997","9","o","","LP"
"230977","","Daft Punk","","","Human After All","2005","7","o","","LP"
"624850","","Daft Punk","","","Human After All (Remixes)","2006","4","n","",""
"4481457","","Daft Punk","","","Random Access Memories","2013","9","n","",""
"2410563","","Daft Punk","","","Tron: Legacy","2010","5","n","",""
"3361062","","Daft Punk","","","Tron: Legacy R3c0nf1gur3d","2011","3","n","",""
"4002","","Darkthrone","","","Transilvanian Hunger","1994","6","n","",""
"10394","Miles","Davis","","","In a Silent Way","1969","8","n","",""
"2571","Miles","Davis","","","Kind of Blue","1959","9","n","",""
"16289802","","Deafheaven","","","Lonely People With Power","2025","7","n","",""
"4308898","","Deafheaven","","","Sunbather","2013","6","n","",""
"16547818","","deathbycoconut","","","Dezamăgire 24/7","2025","7","n","",""
"6847528","","Death Grips","","","Bottomless Pit","2016","9","n","",""
"3411877","","Death Grips","","","Death Grips","2011","8","n","",""
"3455169","","Death Grips","","","Exmilitary","2011","10","n","",""
"6116526","","Death Grips","","","Fashion Week","2015","7","n","",""
"12593331","","Death Grips","","","Gmail and the Restraining Orders","2021","6","n","",""
"10395069","","Death Grips","","","Gmail and the Restraining Orders","2019","6","n","",""
"4995082","","Death Grips","","","Government Plates","2013","8","n","",""
"7252026","","Death Grips","","","Interview 2016","2016","7","n","",""
"7522584","","Death Grips","","","Jenny Death","2015","9","n","",""
"5566739","","Death Grips","","","Niggas on the Moon","2014","8","n","",""
"3892103","","Death Grips","","","No Love Deep Web","2012","9","w","","LP"
"8306370","","Death Grips","","","Steroids (Crouching Tiger Hidden Gabber Megamix)","2017","7","n","",""
"3892102","","Death Grips","","","The Money Store","2012","10","o","","CD"
"9105913","","Death Grips","","","Year of the Snitch","2018","8","n","",""
"878379","","Deceneu","","","Operaţiunea Monstru","2001","8","n","",""
"15736704","","Deftones","","","Adrenaline","","7","n","",""
"15270318","","Deftones","","","Around the Fur","","8","n","",""
"3380515","","Deftones","","","Covers","2011","8","n","",""
"54218","","Deftones","","","Deftones","2003","6","n","",""
"14598446","","Deftones","","","Diamond Eyes","2010","8","n","",""
"4150391","","Deftones","","","Koi no yokan","2012","8","o","","CD"
"15456749","","Deftones","","","Saturday Night Wrist","2006","7","n","",""
"1946","","Deftones","","","White Pony","2000","9","o","","CD"
"14799996","","Delia","","","7","2020","6","n","",""
"14128102","","Delia","","","Deliria","2016","7","n","",""
"13926034","","Delia","","","Parfum de fericire","2003","7","n","",""
"14128054","","Delia","","","Pe aripi de vant","2015","4","n","",""
"3640426","","Deliric","","","Inspectia Tehnica Periodica","2011","5","n","",""
"10426363","","Deliric x Silent Strike","","","Deliric x Silent Strike","2016","6","n","",""
"13029661","Lana","Del Rey","","","Blue Banisters","2021","5","n","",""
"3719638","Lana","Del Rey","","","Born to Die","2012","6","n","",""
"7697466","Lana","Del Rey","","","Born to Die","2012","7","o","","LP"
"11547775","Lana","Del Rey","","","Chemtrails Over the Country Club","2021","5","n","",""
"15033484","Lana","Del Rey","","","Did You Know That There's a Tunnel Under Ocean Blvd","2023","6","n","",""
"6121172","Lana","Del Rey","","","Honeymoon","2015","6","n","",""
"8172126","Lana","Del Rey","","","Lust for Life","2017","6","n","",""
"9574303","Lana","Del Rey","","","Norman Fucking Rockwell!","2019","7","n","",""
"4188853","Lana","Del Rey","","","Paradise","2012","7","n","",""
"5053004","Lana","Del Rey","","","Ultraviolence","2014","6","n","",""
"8037435","Mac","DeMarco","","","This Old Dog","2017","8","n","",""
"16427196","","D.E.N.I.S.","","","Cuțitul de argint","2025","6","n","",""
"15411616","","D.E.N.I.S.","","","Miezul nopții București","2022","8","n","",""
"16131136","","D.E.N.I.S.","","","MIEZUL NOPȚII BUCUREȘTI","2022","8","o","","CD"
"15581119","","D.E.N.I.S.","","","Televizor Color","2023","7","n","",""
"3070935","","Deux","","","Decadence","2010","7","n","",""
"4591","","Dire Straits","","","Dire Straits","1978","9","n","",""
"6429982","","Dirty Shirt","","","Dirtylicious","2015","8","n","",""
"8921645","","Dirty Shirt","","","FolkCore DeTour","2018","7","n","",""
"4621466","","Dirty Shirt","","","Freak Show","2013","5","n","",""
"14605739","","Dirty Shirt","","","Get Your Dose Now","2022","4","n","",""
"10077611","","Dirty Shirt","","","Letchology","2019","7","n","",""
"1197","","Doors","","","Full Circle","1972","3","n","",""
"1195","The","Doors","","","L.A. Woman","1971","9","n","",""
"1194","The","Doors","","","Morrison Hotel","1970","9","n","",""
"843272","The","Doors","","","Morrison Hotel","2007","9","o","","CD"
"1196","The","Doors","","","Other Voices","1971","4","n","",""
"1190","The","Doors","","","Strange Days","1967","9","o","","CD"
"1189","The","Doors","","","The Doors","1967","10","n","",""
"1192","The","Doors","","","The Soft Parade","1969","6","n","",""
"1191","The","Doors","","","Waiting for the Sun","1968","8","o","","CD"
"5501088","","Dragonu'","","","Adio 47 omul vechi","2011","7","n","",""
"11890154","","Drake","","","Certified Lover Boy","2021","4","n","",""
"11437201","","Drake","","","Dark Lane Demo Tapes","2020","3","n","",""
"14793830","","Drake","","","Honestly, Nevermind","2022","2","n","",""
"17035376","","Drake","","","Iceman","2026","5","n","",""
"7309107","","Drake","","","If You're Reading This It's Too Late","2015","6","o","","CD"
"6223609","","Drake","","","If You're Reading This It's Too Late","2015","6","n","",""
"8139637","","Drake","","","More Life","2017","6","n","",""
"9178669","","Drake","","","Scorpion","2018","3","n","",""
"3207114","","Drake","","","Take Care","2011","7","n","",""
"5652527","","Drake","","","Views","2016","4","n","",""
"90","Nick","Drake","","","Pink Moon","1972","8","n","",""
"14968869","","Drake &amp; 21 Savage","","","Her Loss","2022","2","n","",""
"1183718","","Dr. Dre","","","2001","1999","0","o","","CD"
"13539","","Duster","","","Contemporary Movement","2000","8","n","",""
"13541","","Duster","","","Stratosphere","1998","8","n","",""
"94","Bob","Dylan","","","Blonde on Blonde","1966","8","n","",""
"2047","Bob","Dylan","","","Bob Dylan","1962","6","n","",""
"914636","Bob","Dylan","","","Highway 61 Revisited","2000","8","o","","CD"
"51","Bob","Dylan","","","Highway 61 Revisited","1965","8","n","",""
"6296","Bob","Dylan","","","The Freewheelin' Bob Dylan","1963","7","n","",""
"616","","Eagles","","","Hotel California","1976","7","n","",""
"17083698","","ear","","","Rumspringa","2026","6","n","",""
"9753704","","Earl Sweatshirt","","","Some Rap Songs","2018","6","n","",""
"10745126","","Eartheater","","","Trinity","2019","6","n","",""
"10864130","","Ecco2k","","","E","2019","8","n","",""
"8490240","Billie","Eilish","","","dont smile at me","2017","6","n","",""
"13027283","Billie","Eilish","","","Happier Than Ever","2021","5","n","",""
"9962213","Billie","Eilish","","","When We All Fall Asleep, Where Do We Go?","2019","6","n","",""
"14030","","Electric Wizard","","","Dopethrone","2000","7","n","",""
"9523051","","Eminem","","","Kamikaze","2018","3","n","",""
"11044825","","Eminem","","","Music to Be Murdered By","2020","2","n","",""
"2858367","","Eminem","","","Recovery","2010","5","n","",""
"7772697","","Eminem","","","Revival","2017","3","n","",""
"1667","","Eminem","","","The Marshall Mathers LP","2000","6","n","",""
"4775907","","Eminem","","","The Marshall Mathers LP 2","2013","6","n","",""
"87808","","Emperor Penguin","","","Mysterious Pony","2000","7","n","",""
"16526754","","EsDeeKid","","","Rebel","2025","8","n","",""
"17025105","La","Estrategia del Caracol / Cámara Chilena de la Destrucción","","","El hambre y las ganas de comer","2026","5","n","",""
"39190","","Evanescence","","","Fallen","2003","6","o","","CD"
"5478899","","Exit Oz","","","Împământenit","2014","7","n","",""
"7438","","Failure","","","Fantastic Planet","1996","6","n","",""
"16877000","","fakemink","","","The Boy Who Cried Terrified .","2026","5","n","",""
"878419","La","Familia","","","Nicăieri nu-i ca acasă","1998","5","n","",""
"179347","","Fanfare Ciocărlia","","","Iag Bari","2001","5","n","",""
"15864420","","FKA twigs","","","Eusexua","2025","6","n","",""
"2320","","Fleetwood Mac","","","Rumours","1977","10","n","",""
"5162522","","Fleetwood Mac","","","Rumours","2013","10","o","","CD"
"15370675","","Fleetwood Mac","","","Rumours (Live)","2023","8","n","",""
"5326","","Fleetwood Mac","","","Tango in the Night","1987","7","o","","CD"
"14943752","","Fleshwater","","","We're Not Here to Be Loved","2022","6","n","",""
"15803442","","Fontaines D.C.","","","Romance","2024","6","n","",""
"924141","","Foo Fighters","","","Echoes, Silence, Patience &amp; Grace","2007","7","n","",""
"1835","","Foo Fighters","","","The Colour and the Shape","1997","8","n","",""
"4163203","","Formaţia Albatros şi Naste din Berceni","","","Te iubesc fetiţă dragă","2011","9","n","",""
"6767613","Toby &#34;Radiation&#34;","Fox","","","UNDERTALE","2015","9","n","",""
"11851357","","frateleNORD","","","Mister, Univers","2013","5","n","",""
"10228491","","frateleNORD","","","Morfină","2010","7","n","",""
"15823862","","FUCK YOU! DRACU","","","Fuck off and Dracu","2020","6","o","","CD"
"14862214","","Fugazi","","","13 Songs","2016","8","n","",""
"17155","","Fugazi","","","Instrument","1999","7","n","",""
"2127","","Fugazi","","","Repeater","1990","7","n","",""
"6605910","","Future","","","DS2","2015","6","n","",""
"5918937","","Future","","","Monster","2014","6","n","",""
"12251908","","Future &amp; Lil Uzi Vert","","","Pluto x Baby Pluto","2020","3","n","",""
"16137506","","Future &amp; Lil Uzi Vert","","","Pluto x Baby Pluto (Deluxe)","2022","4","n","",""
"5550805","Alex","G","","","DSU","2014","7","n","",""
"14792994","Alex","G","","","God Save the Animals","2022","6","n","",""
"4425637","Alex","G","","","Race","2011","8","n","",""
"4494710","Alex","G","","","Trick","2013","8","n","",""
"5892","Marvin","Gaye","","","What's Going On","1971","8","n","",""
"16013134","","gAZah","","","Usile Vol. 1 Instrumentale","2020","6","n","",""
"15195971","","Geese","","","3D Country","2023","8","n","",""
"16542709","","Geese","","","Getting Killed","2025","10","n","",""
"12634774","Sam","Gendel","","","Fresh Bread","2021","6","n","",""
"4822548","","Gesaffelstein","","","Aleph","2013","7","n","",""
"9812504","","Gesaffelstein","","","Hyperion","2019","6","n","",""
"15618480","","Getchoo","","","Songs From the Living Room","2023","7","n","",""
"16094860","","Getchoo","","","WILL","2024","6","n","",""
"16281257","","Getchoo","","","WILL","2025","6","o","","CD"
"922556","","Getto Daci","","","Daciada","1998","6","n","",""
"12001094","","Ghostemane","","","ANTI-ICON","2020","4","n","",""
"8123249","","Ghostemane","","","Hexada","2017","5","n","",""
"9366579","","Ghostemane","","","N / O / I / S / E","2018","6","n","",""
"4354997","Freddie","Gibbs &amp; Madlib","","","Piñata","2014","7","n","",""
"450392","","Godspeed You Black Emperor!","","","F♯A♯∞","1997","8","n","",""
"2602","","Godspeed You Black Emperor!","","","Lift Yr. Skinny Fists Like Antennas to Heaven!","2000","9","n","",""
"16020015","","Godspeed You! Black Emperor","","","&#34;No Title as of 13 February 2024 28,340 Dead&#34;","2024","7","n","",""
"7722326","Mick","Gordon","","","DOOM","2016","8","n","",""
"6038613","Mick","Gordon","","","Wolfenstein: The New Order","2014","7","n","",""
"22302","","Gorgoroth","","","Antichrist","1996","7","n","",""
"22300","","Gorgoroth","","","Pentagram","1994","6","n","",""
"271115","","Gorillaz","","","Demon Days","2005","8","n","",""
"639570","","Gorillaz","","","Demon Days","2005","8","o","","CD"
"4457","","Gorillaz","","","Gorillaz","2001","7","o","","CD"
"8159460","","Gorillaz","","","Humanz","2017","6","n","",""
"2332259","","Gorillaz","","","Plastic Beach","2010","8","n","",""
"3676","","Grateful Dead","","","American Beauty","1970","8","n","",""
"11019915","Conan","Gray","","","Kid Krow","2020","6","n","",""
"2106635","","Green Day","","","21st Century Breakdown","2009","5","n","",""
"160473","","Green Day","","","American Idiot","2004","8","o","","CD"
"251","","Green Day","","","Dookie","1994","6","n","",""
"15519174","","Green Day","","","Saviors","2024","6","n","",""
"16003394","Geordie","Greep","","","The New Sound","2024","6","n","",""
"11241527","","Guess Who","","","Tot Mai Sus","2011","4","n","",""
"13434081","","Gunna","","","DS4EVER","2022","4","n","",""
"133852","","Guns n' Roses","","","Greatest Hits","2004","0","o","","CD"
"10641092","","Halsey","","","Manic","2020","5","n","",""
"94663","The","Handsome Family","","","Milk and Scissors","1996","6","n","",""
"94661","The","Handsome Family","","","Singing Bones","2003","9","n","",""
"23778","The","Handsome Family","","","Through the Trees","1998","8","n","",""
"60352","Françoise","Hardy","","","Françoise Hardy [Comment te dire adieu]","1968","6","n","",""
"60348","Françoise","Hardy","","","Tous les garçons et les filles","1962","7","n","",""
"882488","Calvin","Harris","","","I Created Disco","2007","5","n","",""
"2387345","Calvin","Harris","","","Ready for the Weekend","2009","4","n","",""
"733","PJ","Harvey","","","Stories From the City, Stories From the Sea","2000","6","n","",""
"1206880","","Have a Nice Life","","","Deathconsciousness","2008","9","n","",""
"16092662","The","Hellp","","","LL","2024","8","n","",""
"13025079","The","Hellp","","","Vol. 1","2021","5","n","",""
"8634851","The Jimi","Hendrix Experience","","","Are You Experienced","2010","9","n","",""
"11591342","The Jimi","Hendrix Experience","","","Axis: Bold as Love","2010","8","n","",""
"2161","The Jimi","Hendrix Experience","","","Electric Ladyland","1968","9","n","",""
"8148291","The Jimi","Hendrix Experience","","","Electric Ladyland","2010","9","o","","CD"
"2306759","The Jimi","Hendrix Experience","","","Live at Monterey","2007","8","n","",""
"3556","Lauryn","Hill","","","The Miseducation of Lauryn Hill","1998","9","n","",""
"8842251","","Huncho Jack","","","Huncho Jack, Jack Huncho","2017","4","n","",""
"15729345","","Ian","","","Beast Mode","2024","2","n","",""
"12571119","","Ian","","","Slayer","2019","9","n","",""
"14365115","","Ian","","","Voodoo","2022","4","n","",""
"1834666","","Ibizarre","","","The Ambient Collection Vol. 1","2001","7","n","",""
"16330895","Lenny","Ibizarre","","","Ambient Collection Vol. 4","2000","7","n","",""
"15718177","Lenny","Ibizarre","","","Just Musik","","8","n","",""
"14671873","Lenny","Ibizarre","","","The Ambient Collection Vol. 2","1998","4","n","",""
"15580785","Lenny","Ibizarre","","","The Ambient Collection Vol. 6","2006","7","n","",""
"8131002","The","I.L.Y's","","","Bodyguard","2017","5","n","",""
"16877443","","ilyydavid","","","Long Live David","2025","6","n","",""
"8270859","","Imagine Dragons","","","Evolve","2017","4","n","",""
"4073911","","Imagine Dragons","","","Night Visions","2012","3","n","",""
"3384641","","I Monster","","","Neveroddoreven","2004","7","n","",""
"513215","","I Monster","","","Neveroddoreven [Remodelled]","2004","7","n","",""
"10460922","","Infant Annihilator","","","The Battle of Yaldabaoth","2019","5","n","",""
"7453088","","Infant Annihilator","","","The Elysian Grandeval Galèriarch","2016","5","n","",""
"4310245","","Infant Annihilator","","","The Palpable Leprosy of Pollution","2012","4","n","",""
"9924","","Iron Butterfly","","","In-A-Gadda-Da-Vida","1968","6","n","",""
"4147","","Iron Maiden","","","Fear of the Dark","1992","6","n","",""
"2088","","Iron Maiden","","","Piece of Mind","1983","7","n","",""
"2090","","Iron Maiden","","","Powerslave","1984","6","n","",""
"6557089","","Iron Maiden","","","The Book of Souls","2015","5","n","",""
"16408415","Erika","Isac","","","Cancel Culture","2025","1","n","",""
"15142166","Matteo","Islandezu","","","Ceva Real","2023","2","n","",""
"7937407","Matteo","Islandezu","","","Inima","2016","7","n","",""
"10887224","","Jackboys &amp; Travis Scott","","","JACKBOYS","2019","4","n","",""
"2449","Michael","Jackson","","","Bad","1987","8","n","",""
"2450","Michael","Jackson","","","Dangerous","1991","5","o","","CD"
"4172512","Michael","Jackson","","","Off the Wall","1979","0","o","","Cassette"
"1990","Michael","Jackson","","","Thriller","1982","8","n","",""
"6264234","","Jack Ü","","","Skrillex and Diplo Present Jack Ü","2015","4","n","",""
"10427686","","Jaden","","","ERYS","2019","4","n","",""
"8687692","","Jaden","","","SYRE","2017","6","n","",""
"3077326","","JAY-Z &amp; Kanye West","","","Watch the Throne","2011","5","n","",""
"5231","","Jefferson Airplane","","","Surrealistic Pillow","1967","7","n","",""
"5843","","Jethro Tull","","","Aqualung","1971","7","n","",""
"5841","","Jethro Tull","","","Stand Up","1969","7","n","",""
"15463199","","Jimi Hendrix Experience","","","Live at the Hollywood Bowl: August 18, 1967","2023","6","o","","CD"
"1638","Billy","Joel","","","The Stranger","1977","8","n","",""
"23558","","John &amp; Yoko / Plastic Ono Band With Elephant's Memory Plus Invisible Strings","","","Some Time in New York City","1972","6","n","",""
"14886217","","Joji","","","SMITHEREENS","2022","6","n","",""
"12513337","Janis","Joplin","","","I Got Dem Ol' Kozmic Blues Again Mama!","","8","n","",""
"12529465","Janis","Joplin","","","Pearl","","7","n","",""
"545","","Joy Division","","","Closer","1980","8","n","",""
"544","","Joy Division","","","Unknown Pleasures","1979","9","n","",""
"10596352","","JPEGMAFIA","","","All My Heroes Are Cornballs","2019","7","n","",""
"7165611","","JPEGMAFIA","","","Black Ben Carson","2016","9","n","",""
"15972969","","JPEGMAFIA","","","I Lay Down My Life for You","2024","8","n","",""
"13762028","","JPEGMAFIA","","","LP!","2021","6","n","",""
"8912509","","JPEGMAFIA","","","Veteran","2018","8","n","",""
"15165166","","JPEGMAFIA &amp; Danny Brown","","","Scaring the Hoes","2023","5","n","",""
"9273937","","Juice WRLD","","","Goodbye &amp; Good Riddance","2018","4","n","",""
"11459926","","Juice WRLD","","","Legends Never Die","2020","3","n","",""
"3601853","","Justice","","","Audio, Video, Disco.","2011","6","n","",""
"658267","","Justice","","","† [Cross]","2007","7","n","",""
"6764366","","Kazi Ploae","","","Gorgone","2007","8","n","",""
"11292542","","Kazi Ploae","","","Vise triste","2014","7","n","",""
"12978254","","Kazi Ploae &amp; Omu Gnom","","","KGB","2017","6","n","",""
"3017691","","Kazi Ploae &amp; Specii","","","Ameninţarea maimuţei","2009","9","o","","CD-R"
"7636786","","Kero Kero Bonito","","","Bonito Generation","2016","9","n","",""
"5085147","","Kero Kero Bonito","","","Intro Bonito","2013","5","n","",""
"12185549","","Kid Cudi","","","Man on the Moon III: The Chosen","2020","4","n","",""
"14104590","","Killa Fonic","","","2089","2021","5","n","",""
"12408900","","Killa Fonic","","","Beetlejuice","2020","4","n","",""
"10857860","","Killa Fonic","","","Emotiv Munteana","2018","6","n","",""
"9510004","","Killa Fonic","","","Lama crima","2017","7","n","",""
"15036726","","Killa Fonic","","","Osvaldo","2022","7","n","",""
"16164162","","Killa Fonic","","","RADIOFONIC","2024","3","n","",""
"9509973","","Killa Fonic","","","Ramses 1989","2016","7","n","",""
"11299128","","Killa Fonic","","","Trendsetter","2019","3","n","",""
"653747","","Killswitch Engage","","","As Daylight Dies","2006","5","n","",""
"10403326","","Killswitch Engage","","","Atonement","2019","6","n","",""
"5499","Carole","King","","","Tapestry","1971","8","n","",""
"330311","","King Crimson","","","In the Court of the Crimson King","2004","10","o","","Other"
"2328","","King Crimson","","","In the Court of the Crimson King","1969","10","n","",""
"73060","","King Geedorah","","","Take Me to Your Leader","2003","7","n","",""
"4643","The","Kinks","","","Kinks","1964","6","n","",""
"15710409","","Kneecap","","","Fine Art","2024","5","n","",""
"1345","","Korn","","","Follow the Leader","1998","6","n","",""
"1343","","Korn","","","Issues","1999","7","n","",""
"1346","","Korn","","","Korn","1994","8","n","",""
"624753","","Korn","","","Korn [Untitled]","2007","5","n","",""
"397113","","Korn","","","See You on the Other Side","2005","6","n","",""
"10409213","","Korn","","","The Nothing","2019","6","n","",""
"5481","","Kraftwerk","","","Autobahn","1974","6","n","",""
"52915","","Kraftwerk","","","Trans Europa Express","1977","5","n","",""
"33363","Fela Ransome","Kuti &amp; Africa 70","","","Expensive Shit","1975","7","n","",""
"14792680","Steve","Lacy","","","Gemini Rights","2022","6","n","",""
"8095797","Steve","Lacy","","","Steve Lacy's Demo","2017","6","n","",""
"4114343","","Lady Gaga","","","ARTPOP","2013","6","o","","LP"
"3104537","","Lady Gaga","","","Born This Way","2011","6","n","",""
"11196548","","Lady Gaga","","","Chromatica","2020","6","n","",""
"16289651","","Lady Gaga","","","MAYHEM","2025","6","n","",""
"1716904","","Lady Gaga","","","The Fame","2008","6","n","",""
"2395855","","Lady Gaga","","","The Fame Monster","2009","7","n","",""
"2729485","","Lady Gaga","","","The Fame Monster","2009","7","o","","CD"
"16391028","Natalia","Lafourcade","","","Cancionera","2025","9","n","",""
"14926349","Natalia","Lafourcade","","","De todas las flores","2022","7","n","",""
"8191615","Kendrick","Lamar","","","Damn.","2017","7","n","",""
"16168278","Kendrick","Lamar","","","GNX","2024","7","n","",""
"3597082","Kendrick","Lamar","","","Good Kid, M.A.A.D City","2012","9","n","",""
"14687591","Kendrick","Lamar","","","Mr. Morale &amp; the Big Steppers","2022","6","n","",""
"3542833","Kendrick","Lamar","","","Section.80","2011","6","n","",""
"6286502","Kendrick","Lamar","","","To Pimp a Butterfly","2015","10","n","",""
"7214045","Kendrick","Lamar","","","Untitled Unmastered.","2016","5","n","",""
"1646605","","Lamp","","","恋人へ","2004","10","n","",""
"71263","","Lash","","","The Beautiful and The Damned","2002","5","n","",""
"155662","","LCD Soundsystem","","","LCD Soundsystem","2005","8","n","",""
"948991","","LCD Soundsystem","","","LCD Soundsystem","2005","8","o","","CD"
"712947","","LCD Soundsystem","","","Sound of Silver","2007","8","n","",""
"15142203","The","Lemon Twigs","","","Everything Harmony","2023","5","n","",""
"114","John","Lennon","","","Imagine","1971","9","n","",""
"115","John","Lennon &amp; Yoko Ono","","","Double Fantasy","1980","7","n","",""
"9615779","","Lil Baby &amp; Gunna","","","Drip Harder","2018","4","n","",""
"10294015","","Lil Nas X","","","7","2019","2","n","",""
"12871808","","Lil Nas X","","","Montero","2021","5","n","",""
"8332622","","Lil Peep","","","Come Over When You're Sober, Pt. 1","2017","7","n","",""
"8825034","","Lil Peep","","","Come Over When You're Sober, Pt. 2","2018","6","n","",""
"10792839","","Lil Peep","","","EVERYBODY'S EVERYTHING","2019","4","n","",""
"8944262","","Lil Pump","","","Harverd Dropout","2019","2","n","",""
"8613408","","Lil Pump","","","Lil Pump","2017","6","n","",""
"9809482","","Lil Uzi Vert","","","Eternal Atake","2020","4","n","",""
"11233115","","Lil Uzi Vert","","","Eternal Atake (Deluxe): LUV vs. the World 2","2020","4","n","",""
"7326271","","Lil Uzi Vert","","","Lil Uzi Vert vs. the World","2016","7","n","",""
"6870969","","Lil Uzi Vert","","","Luv Is Rage","2015","6","n","",""
"8531544","","Lil Uzi Vert","","","Luv Is Rage 2","2017","5","n","",""
"14831059","","Lil Uzi Vert","","","Pink Tape","2023","3","n","",""
"7580062","","Lil Uzi Vert","","","The Perfect LUV Tape®️","2016","5","n","",""
"7859312","","Lil Uzi Vert &amp; Gucci Mane","","","1017 vs the World","2016","4","n","",""
"9057126","","Lil Xan","","","Total Xanarchy","2018","2","n","",""
"7229579","","Lil Yachty","","","Lil Boat","2016","6","n","",""
"9058624","","Lil Yachty","","","Lil Boat 2","2018","5","n","",""
"9565996","","Lil Yachty","","","Nuthin' 2 Prove","2018","3","n","",""
"1670","","Limp Bizkit","","","Chocolate Starfish and the Hot Dog Flavored Water","2000","7","n","",""
"1623","","Limp Bizkit","","","Significant Other","1999","6","n","",""
"1922","","Limp Bizkit","","","Three Dollar Bill, Yall$","1997","5","n","",""
"10638995","","Lindemann","","","F &amp; M","2019","5","n","",""
"6318813","","Lindemann","","","Skills in Pills","2015","4","n","",""
"2007","","Linkin Park","","","Hybrid Theory","2000","8","n","",""
"45334","","Linkin Park","","","Meteora","2003","8","n","",""
"4734162","","Lorde","","","Pure Heroine","2013","8","n","",""
"16452815","","Lorde","","","Virgin","2025","5","n","",""
"774883","","LSD and the Search for God","","","LSD and the Search for God","2007","8","n","",""
"199356","","Luna Amară","","","Asfalt","2004","6","n","",""
"10527642","","Luna Amară","","","Nord","2018","4","n","",""
"5294937","","Machine Girl","","","WLFGRL","2014","5","n","",""
"3807853","","Macintosh Plus","","","Floral Shoppe","2011","0","w","","MP3"
"15825011","","Made of Pain","","","Untitled","2024","6","n","",""
"6367347","","Madonna","","","The Immaculate Collection","1990","0","o","","CD"
"142671","","Madvillain","","","Madvillainy","2004","9","n","",""
"15948236","","Magdalena Bay","","","Imaginal Disk","2024","7","n","",""
"280431","","Mahala Raï Banda","","","Mahala Raï Banda","2005","6","n","",""
"13931","The","Mahavishnu Orchestra with John McLaughlin","","","The Inner Mounting Flame","1971","8","n","",""
"34600","The","Mama's and The Papa's","","","If You Can Believe Your Eyes and Ears","1966","0","n","",""
"34605","The","Mamas &amp; The Papas","","","The Papas &amp; The Mamas","1968","0","n","",""
"9684573","","Måneskin","","","Il ballo della vita","2018","5","n","",""
"12832548","","Måneskin","","","Teatro d'ira: Vol. I","2021","6","n","",""
"16138820","Mădălina","Manole","","","Mădălina Manole","1994","7","n","",""
"1877","","Mar1lyn Man5on","","","Mechanical Animals","1998","7","n","",""
"646972","April","March","","","Chick Habit","1995","7","n","",""
"3142776","Mihai","Mărgineanu","","","Gore din Chitila","2005","7","n","",""
"3142771","Mihai","Mărgineanu","","","Pe sub norii de hârtie","2009","5","n","",""
"3142779","Mihai","Mărgineanu","","","...Și îngerii beau vin","2007","8","n","",""
"4797282","Mihai","Mărgineanu","","","Zaritza","2012","6","n","",""
"1875","","Marilyn Manson","","","Antichrist Superstar","1996","7","n","",""
"3637350","","Marilyn Manson","","","Born Villain","2012","4","n","",""
"7551731","","Marilyn Manson","","","Heaven Upside Down","2017","5","n","",""
"1528","","Marilyn Manson","","","Holy Wood (In the Shadow of the Valley of Death)","2000","7","n","",""
"1874","","Marilyn Manson","","","Portrait of an American Family","1994","6","n","",""
"1876","","Marilyn Manson","","","Smells Like Children","1995","4","n","",""
"47662","","Marilyn Manson","","","The Golden Age of Grotesque","2003","6","n","",""
"5975782","","Marilyn Manson","","","The Pale Emperor","2015","5","n","",""
"11825465","","Marilyn Manson","","","We Are Chaos","2020","5","n","",""
"15938159","Bob","Marley &amp; The Wailers","","","Catch a Fire","","7","n","",""
"14828353","Bob","Marley &amp; The Wailers","","","Exodus","","9","n","",""
"4619","Bob","Marley &amp; The Wailers","","","Kaya","1978","8","n","",""
"14828265","Bob","Marley &amp; The Wailers","","","Natty Dread","2018","7","n","",""
"5987","Bob","Marley &amp; The Wailers","","","Uprising","1980","8","n","",""
"16131864","","Martalogii","","","Băutură și Scandal","2023","5","n","",""
"16131872","","Martalogii","","","Toți ciudații","2024","6","n","",""
"131135","","Mayhem","","","Chimera","2004","6","n","",""
"10548358","","Mayhem","","","Daemon","2019","6","n","",""
"4149","","Mayhem","","","Deathcrush","1987","6","n","",""
"4151","","Mayhem","","","De mysteriis Dom Sathanas","1994","8","n","",""
"5265148","","Mayhem","","","Esoteric Warfare","2014","5","n","",""
"1241","","Mazzy Star","","","She Hangs Brightly","1990","8","n","",""
"1242","","Mazzy Star","","","So Tonight That I Might See","1993","7","n","",""
"8222392","","Members Only","","","Members Only, Vol. 3","2017","5","n","",""
"9897396","","Members Only","","","XXXTENTACION Presents: Members Only, Vol. 4","2019","1","n","",""
"3858920","","Mes Quins","","","Electro German","2012","6","n","",""
"15660531","","Mes Quins","","","EROTICA","2024","6","n","",""
"14203973","","Mes Quins","","","Vive la promiscuitate!","2016","9","n","",""
"3770","","Metallica","","","...And Justice for All","1988","8","n","",""
"1573481","","Metallica","","","Death Magnetic","2008","5","n","",""
"7624463","","Metallica","","","Hardwired...to Self-Destruct","2016","3","n","",""
"1073","","Metallica","","","Kill 'Em All","1983","8","n","",""
"2443","","Metallica","","","Load","1996","7","n","",""
"1593","","Metallica","","","Master of Puppets","1986","9","n","",""
"1337","","Metallica","","","Metallica","1991","9","n","",""
"2444","","Metallica","","","Reload","1997","6","n","",""
"1225777","","Metallica","","","Ride the Lightning","1984","7","n","",""
"46090","","Metallica","","","St. Anger","2003","2","n","",""
"185833","","MF DOOM","","","Mm..Food","2004","7","n","",""
"48115","","MF DOOM","","","Operation: Doomsday","1999","8","n","",""
"11708721","The","Microphones","","","The Glow Pt. 2","2012","0","w","","MP3"
"7963176","","Migos","","","Culture","2017","7","n","",""
"8368673","","Migos","","","Culture II","2018","6","n","",""
"9658655","","Migos","","","Culture III","2021","4","n","",""
"4604488","","Migos","","","Young Rich Niggas","2013","5","n","",""
"2251608","Nicki","Minaj","","","Beam Me Up Scotty","2009","5","n","",""
"3039509","Nicki","Minaj","","","Pink Friday","2010","6","n","",""
"9234954","Nicki","Minaj","","","Queen","2018","5","n","",""
"5245832","Nicki","Minaj","","","The Pinkprint","2014","6","n","",""
"17906","","Mingus","","","The Black Saint and the Sinner Lady","1963","6","n","",""
"3287","Joni","Mitchell","","","Blue","1971","7","n","",""
"9252665","","Mitski","","","Be the Cowboy","2018","7","n","",""
"5966738","","Mitski","","","Bury Me at Makeout Creek","2014","8","n","",""
"5992196","","Mitski","","","Lush","2012","7","n","",""
"14404762","","Mitski","","","Retired From Sad, New Career in Business","2013","7","n","",""
"15375139","","Mitski","","","The Land Is Inhospitable and So Are We","2023","6","n","",""
"16288311","","Model/Actriz","","","Pirouette","2025","6","n","",""
"2632","","Modest Mouse","","","The Lonesome Crowded West","1997","8","n","",""
"16114897","","Mori Mori","","","BB Void","2024","5","n","",""
"16164867","","Morometzii","","","România, Trezește-te!","2004","4","n","",""
"1198","Jim","Morrison","","","An American Prayer","1978","8","n","",""
"2923","","Morrissey","","","Viva Hate","1988","0","o","","CD"
"1597298","","Mother Mother","","","O My Heart","2008","6","n","",""
"2323","The","Mothers","","","Over-Nite Sensation","1973","7","n","",""
"16025088","","Mount Eerie","","","Night Palace","2024","5","n","",""
"69201","","Muse","","","Absolution","2003","0","o","","CD"
"13740757","","my bloody valentine","","","EP's 1988-1991 and Rare Tracks","2021","8","n","",""
"354","","my bloody valentine","","","Isn't Anything","1988","8","n","",""
"13136065","","my bloody valentine","","","Loveless","2021","10","o","","CD"
"355","","my bloody valentine","","","Loveless","1991","10","n","",""
"4398657","","my bloody valentine","","","m b v","2013","8","n","",""
"537986","","My Chemical Romance","","","The Black Parade","2006","8","n","",""
"16099480","Bușagu","Nagdi","","","Halucinații Feroviare","2018","5","n","",""
"12643939","","NANE","","","Lună Plină","2016","4","n","",""
"15619681","","NANE","","","L.V. Pattern","2021","1","n","",""
"11704583","","NANE","","","Nanalien","2020","2","n","",""
"11292440","","NANE","","","Șmecherescu","2019","6","n","",""
"11082","","Nas","","","Illmatic","1994","6","n","",""
"35500","Milton","Nascimento &amp; Lô Borges","","","Clube da esquina","1972","8","n","",""
"345366","","Negură Bunget","","","OM","2006","6","n","",""
"4450439","The","Neighbourhood","","","I Love You.","2013","6","n","",""
"6695079","The","Neighbourhood","","","Wiped Out!","2015","6","n","",""
"15716597","","Nettspend","","","Bad Ass F*cking Kid","2024","4","n","",""
"1245","","Neutral Milk Hotel","","","In the Aeroplane Over the Sea","1998","9","n","",""
"16524012","","Ninajirachi","","","I Love My Computer","2025","7","n","",""
"125","","Nirvana","","","Bleach","1989","7","n","",""
"127","","Nirvana","","","Incesticide","1992","6","n","",""
"128","","Nirvana","","","In Utero","1993","9","n","",""
"10059163","","Nirvana","","","Live at the Paramount","2019","8","n","",""
"304","","Nirvana","","","MTV Unplugged in New York","1994","9","o","","CD"
"126","","Nirvana","","","Nevermind","1991","9","n","",""
"3059826","","Nirvana","","","Nevermind","1991","9","o","","CD"
"14295436","","Nirvana","","","Nevermind","2017","9","o","","LP"
"5351162","","Nmesh","","","Dream Sequins®","2014","8","n","",""
"130","","No Doubt","","","Tragic Kingdom","1995","7","n","",""
"16635323","","Norzeatic &amp; Qinta Spartă","","","Qintesențiale (Qintale de esențe senzoriale senzaționale)","2025","8","n","",""
"16531906","","Nuanțe","","","Cântece Mute","2023","4","n","",""
"16531889","","Nuanțe","","","Două Minute","2019","6","n","",""
"16171169","","Nuanțe","","","Eva","2021","5","n","",""
"36","","Oasis","","","Be Here Now","1997","7","n","",""
"31","","Oasis","","","Definitely Maybe","1994","8","n","",""
"7151","","Oasis","","","Heathen Chemistry","2002","7","n","",""
"35","","Oasis","","","(What's the Story) Morning Glory?","1995","9","o","","CD"
"7630705","Frank","Ocean","","","Blonde","2016","10","n","",""
"4148690","Frank","Ocean","","","channel ORANGE","2012","10","o","","CD"
"4040583","Frank","Ocean","","","Channel Orange","2012","10","n","",""
"8778911","Frank","Ocean","","","Endless","2018","8","n","",""
"3346854","Frank","Ocean","","","Nostalgia, Ultra.","2011","9","n","",""
"16033416","","Omul cu Şobolani","","","Retro","2011","7","n","",""
"15564443","","OsamaSon","","","Flex Musix","2023","6","n","",""
"12602960","","Oscar","","","Apă","2020","7","n","",""
"15868580","","Oscar","","","Apă","2021","7","n","",""
"14866334","","Oscar","","","Înapoi la viață","2022","6","n","",""
"15157584","","Oscar","","","Stefan","2017","2","n","",""
"12792754","","Oscar","","","Ștefan II","2018","7","n","",""
"12630272","","Oscar","","","Ștefan III","2020","6","n","",""
"15868559","","Oscar","","","Ștefan III","2023","6","n","",""
"15798556","","Oscar","","","Ștefan IV","2024","5","n","",""
"12603048","","Oscar &amp; Amuly","","","Sin City","2020","4","n","",""
"644","","Outkast","","","Stankonia","2000","5","n","",""
"11143097","","Panchiko","","","D>E>A>T>H>M>E>T>A>L","2020","6","n","",""
"2013","","Pantera","","","Vulgar Display of Power","1992","8","n","",""
"35261","Vangelis","Papathanassiou","","","L'apocalypse des animaux","1973","8","n","",""
"16856938","","Pârnaie","","","Liberi","2025","5","n","",""
"16132676","","Pârnaie","","","Prima Abatere","2024","8","o","","CD"
"14297246","","Paulina","","","Prin lume","2022","6","n","",""
"1038111","","Pavement","","","Slanted &amp; Enchanted","1992","0","w","","LP"
"132","","Pavement","","","Slanted and Enchanted","1992","7","n","",""
"210709","The","Peddlers &amp; London Philharmonic Orchestra","","","Suite London","1972","7","n","",""
"1470060","Katy","Perry","","","One of the Boys","2008","5","n","",""
"4687234","Katy","Perry","","","PRISM","2013","4","n","",""
"11742313","Katy","Perry","","","Smile","2020","6","n","",""
"2910434","Katy","Perry","","","Teenage Dream","2010","6","n","",""
"8287350","Katy","Perry","","","Witness","2017","2","n","",""
"14187661","Gică","Petrescu","","","O viață dedicată cântecului","2006","7","n","",""
"216733","","Phoenix","","","Cantofabule","1975","9","n","",""
"976","","Pink Floyd","","","The Dark Side of the Moon","1973","9","o","","CD"
"969","","Pink Floyd","","","The Wall","1979","5","n","",""
"974","","Pink Floyd","","","Wish You Were Here","1975","10","n","",""
"7250084","","Pink Floyd","","","Wish You Were Here","2016","10","o","","CD"
"697789","","Pixies","","","Bossanova","1990","7","n","",""
"488669","","Placebo","","","Meds","2006","6","n","",""
"16105193","","PLANT","","","BAU!","2024","6","n","",""
"15571066","","PLANT","","","Electrocasnic","2023","8","n","",""
"16877752","","PLANT","","","Evenimentul Major","2026","6","n","",""
"16101775","","PLANT","","","LIVE IN EXPIRAT","2022","6","n","",""
"9243199","","Playboi Carti","","","Die Lit","2018","8","n","",""
"16032053","","Playboi Carti","","","Music","2025","4","n","",""
"8205161","","Playboi Carti","","","Playboi Carti","2017","7","n","",""
"10738615","","Playboi Carti","","","Whole Lotta Red","2020","7","n","",""
"42644","Jocelyn","Pook","","","Flood","1999","9","n","",""
"3225","Iggy","Pop","","","Lust for Life","1977","8","n","",""
"11100300","","Pop Smoke","","","Meet the Woo, Vol. 2","2020","4","n","",""
"11620857","","Pop Smoke","","","Shoot for the Stars, Aim for the Moon","2020","5","n","",""
"2660","","Portishead","","","Dummy","1994","7","n","",""
"2661","","Portishead","","","Portishead","1997","8","n","",""
"8762033","","Post Malone","","","Beerbongs &amp; Bentleys","2018","5","n","",""
"10589170","","Post Malone","","","Hollywood's Bleeding","2019","5","n","",""
"7808701","","Post Malone","","","Stoney","2016","4","n","",""
"22409","Elvis","Presley","","","Elv1s: 30 #1 Hits","2002","6","n","",""
"14828651","Micu","Prinzz","","","Bon a petit","2021","6","n","",""
"14963806","Micu","Prinzz","","","Semnal","2022","8","n","",""
"15741775","","Private Venganza","","","Private Venganza","2024","6","n","",""
"2095","","Prodigy","","","The Fat of the Land","1997","6","n","",""
"12380420","Marcin","Przybyłowicz / P.T. Adamczyk / Paul Leonard-Morgan","","","Cyberpunk 2077","2020","7","n","",""
"14789347","","Psihotrop","","","Mihai preda","2017","7","n","",""
"9539679","","Quavo","","","Quavo Huncho","2018","3","n","",""
"4651","","Queen","","","A Night at the Opera","1975","8","n","",""
"4585","","Queen","","","News of the World","1977","7","n","",""
"6608","","Queen","","","Sheer Heart Attack","1974","8","n","",""
"796595","","Queens of the Stone Age","","","Era Vulgaris","2007","7","n","",""
"16571921","","Racing Mount Pleasant","","","Racing Mount Pleasant","2025","7","n","",""
"1536575","The","Radio Dept.","","","Clinging to a Scheme","2010","6","n","",""
"1705","","Radiohead","","","Amnesiac","2001","7","n","",""
"7381986","","Radiohead","","","A Moon Shaped Pool","2016","8","n","",""
"56332","","Radiohead","","","Hail to the Thief","2003","6","n","",""
"1052924","","Radiohead","","","In Rainbows","2007","8","n","",""
"2675627","","Radiohead","","","In Rainbows Disk 2","2009","6","n","",""
"46","","Radiohead","","","Kid A","2000","9","n","",""
"45","","Radiohead","","","OK Computer","1997","10","n","",""
"47","","Radiohead","","","Pablo Honey","1993","4","n","",""
"44","","Radiohead","","","The Bends","1995","8","n","",""
"3343084","","Radiohead","","","The King of Limbs","2011","5","n","",""
"933","","Rage Against the Machine","","","Rage Against the Machine","1992","8","n","",""
"935","","Rage Against the Machine","","","The Battle of Los Angeles","1999","7","n","",""
"40927","Chris","Rainbow","","","White Trails","1979","8","n","",""
"10988328","","Rammstein","","","Liebe ist für alle da","2009","6","n","",""
"2871","","Rammstein","","","Mutter","2001","8","n","",""
"10137189","","Rammstein","","","Rammstein","2019","7","n","",""
"10998272","","Rammstein","","","Rammstein: Paris","2017","8","n","",""
"172952","","Rammstein","","","Reise, Reise","2004","7","n","",""
"10491108","","Rammstein","","","Rosenrot","2005","6","n","",""
"15238312","","Rammstein","","","Sehnsucht","2023","7","n","",""
"14500708","","Rammstein","","","Zeit","2022","5","n","",""
"16337736","","Rana","","","Codependent","2023","5","n","",""
"14155783","","RAVA","","","BULIBA$HA","2021","3","n","",""
"14966740","","RAVA &amp; NANE","","","TRAUME &amp; COȘMARURI","2022","2","n","",""
"6660314","","Raze de Soare","","","Albatros","2015","8","n","",""
"4446668","","Red Hot Chili Peppers","","","By the Way","2006","7","n","",""
"942171","","Red Hot Chili Peppers","","","Californication","1999","7","o","","CD"
"13299928","","Red Hot Chili Peppers","","","Californication","2014","7","n","",""
"13299960","","Red Hot Chili Peppers","","","Stadium Arcadium","2014","6","n","",""
"16689423","","Red Light Dristor","","","Toată lumea a murit OST","2022","6","n","",""
"1744","Lou","Reed","","","Transformer","1972","8","n","",""
"3619954","Lou","Reed &amp; Metallica","","","Lulu","2011","3","n","",""
"16240403","Jane","Remover","","","Revengeseekerz","2025","7","n","",""
"9295344","","Renato din Sălaj + Ion din Dorobanți","","","Nu e înjoseală (N-am cărți de credit) / I Love You viața mea (Lema)","2016","7","n","",""
"2574","The","Replacements","","","Tim","1985","6","n","",""
"9028601","","Rich the Kid","","","The World Is Yours","2018","4","n","",""
"6812168","","Rihanna","","","Anti","2016","6","n","",""
"1652055","","Rihanna","","","Good Girl Gone Bad: Reloaded","2008","6","o","","CD"
"3095044","","Rihanna","","","Loud","2010","6","n","",""
"2649826","","Rihanna","","","Rated R","2009","6","o","","CD"
"2548819","","Rihanna","","","Rated R","2009","6","n","",""
"13088053","","Rise of Artificial","","","System of Sound","2013","6","n","",""
"15389255","Chappell","Roan","","","The Rise and Fall of a Midwest Princess","2023","4","n","",""
"3365173","","ROAR","","","I Can't Handle Change","2010","7","n","",""
"4586916","","Robin and The Backstabbers","","","Stalingrad (Bacovia Overdrive Vol. 1)","2012","7","n","",""
"4555246","","Rodion G.A.","","","The Lost Tapes","2013","3","n","",""
"12899943","Olivia","Rodrigo","","","Sour","2021","5","n","",""
"14900532","","Romaskosmodroma","","","DISSIDENT TAPES vol 1","2022","6","n","",""
"17068740","","rotko_","","","Pointless Way to Operate","2026","7","n","",""
"2918545","Mihaela","Runceanu","","","Vom fi mereu","1999","6","n","",""
"3615955","","Sabaton","","","Carolus Rex","2012","5","n","",""
"10150071","","Sabaton","","","The Great War","2019","5","n","",""
"7360007","","Sabaton","","","The Last Stand","2016","5","n","",""
"940715","The","Sadies","","","New Seasons","2007","7","n","",""
"7162","","Santana","","","Supernatural","1999","6","o","","CD"
"14885791","","Sapte","","","X-Folder","2022","3","n","",""
"14554160","","Șatra B.E.N.Z.","","","O.$.O.D. 2","2018","7","n","",""
"14554190","","Șatra B.E.N.Z.","","","O.$.O.D. IV","2019","6","n","",""
"14554140","","Șatra B.E.N.Z.","","","O.S.O.D.","2015","6","n","",""
"5759091","Travi$","Scott","","","Days Before Rodeo","2014","7","n","",""
"8148783","Travis","Scott","","","Astroworld","2018","7","n","",""
"7529785","Travis","Scott","","","Birds in the Trap Sing McKnight","2016","5","n","",""
"6232368","Travis","Scott","","","Rodeo","2015","9","n","",""
"14830421","Travis","Scott","","","Rodeo (Expanded Edition)","2015","9","o","","CD"
"14863172","Travis","Scott","","","Utopia","2023","6","n","",""
"37678","Bob","Seger &amp; The Silver Bullet Band","","","Stranger in Town","1978","6","n","",""
"14584","","Sex Pistols","","","Kiss This","1992","0","o","","CD"
"495","","Sex Pistols","","","Never Mind the Bollocks Here's the Sex Pistols","1977","7","n","",""
"16796158","","Sex Pula Pistol","","","1999","2025","6","n","",""
"13092184","","Sex Pula Pistol","","","Atentionare","2019","7","n","",""
"13092179","","Sex Pula Pistol","","","Capodopere","2018","6","n","",""
"10013149","","Sex Pula Pistol","","","Compilație","2018","7","n","",""
"13092188","","Sex Pula Pistol","","","GENETICO-FANTASTIC","2019","8","n","",""
"13726452","","Sex Pula Pistol","","","LEGENDE","2021","7","n","",""
"16006656","","Sex Pula Pistol","","","Nestemate","2024","4","n","",""
"15181528","","Sex Pula Pistol","","","Poarta iadului / Raiului","2022","4","n","",""
"442461","","She Wants Revenge","","","She Wants Revenge","2006","6","n","",""
"5501116","","Sia","","","1000 Forms of Fear","2014","5","n","",""
"6247900","","Sia","","","This Is Acting","2016","5","n","",""
"14924569","","sign crushes motorist","","","i'll be okay","2022","6","n","",""
"1196358","","Sigur Rós","","","Ágætis byrjun","2000","0","w","","CD"
"12736749","","Silk Sonic","","","An Evening With Silk Sonic","2021","7","n","",""
"1413","","Silverchair","","","Frogstomp","1995","6","n","",""
"9777605","","Ski Mask the Slump God","","","Stokeley","2018","5","n","",""
"16402519","","Skrillex","","","F*ck U Skrillex You Think Ur Andy Warhol But Ur Not!! <3","2025","6","n","",""
"16858967","","Slayyyter","","","Wor$t Girl in America","2026","8","n","",""
"5778827","","Slipknot","","",".5: The Gray Chapter","2014","5","n","",""
"1630837","","Slipknot","","","All Hope Is Gone","2008","6","n","",""
"1986","","Slipknot","","","Iowa","2001","7","n","",""
"4509","","Slipknot","","","Slipknot","1999","7","n","",""
"140805","","Slipknot","","","Vol. 3: (The Subliminal Verses)","2004","7","n","",""
"10252101","","Slipknot","","","We Are Not Your Kind","2019","6","n","",""
"8169415","","Slowdive","","","Slowdive","2017","7","n","",""
"2711","","Slowdive","","","Souvlaki","1993","8","n","",""
"160","","Smashing Pumpkins","","","Siamese Dream","1993","9","o","","CD"
"161","The","Smashing Pumpkins","","","Mellon Collie and the Infinite Sadness","1995","7","n","",""
"9191190","","Smiley","","","În lipsa mea","2008","7","n","",""
"9206403","","Smiley","","","Plec pe marte","2010","6","n","",""
"1311","Elliott","Smith","","","Either / Or","1997","9","n","",""
"10991324","Elliott","Smith","","","Either / Or","2015","9","o","","CD"
"1312","Elliott","Smith","","","XO","1998","8","n","",""
"383957","The","Smiths","","","Hatful of Hollow","1984","8","n","",""
"165","The","Smiths","","","Louder Than Bombs","1987","9","n","",""
"164","The","Smiths","","","The Queen Is Dead","1986","9","n","",""
"163","The","Smiths","","","The Smiths","1984","8","n","",""
"16118926","","smokedope2016","","","The Peak","2025","8","n","",""
"11811","","Sodom","","","Agent Orange","1989","6","n","",""
"46531","","Sodom","","","M-16","2001","6","n","",""
"15623470","","Solomon &amp; supernOva","","","The Morbius Tape","2023","3","n","",""
"40634","","Songs: Ohia","","","The Magnolia Electric Co","2003","7","n","",""
"1119","","Sonic Youth","","","Dirty","1992","8","n","",""
"3055019","","Sonic Youth","","","Goo","","8","o","","CD"
"1118","","Sonic Youth","","","Goo","1990","8","n","",""
"15585764","","Sonic Youth","","","Walls Have Ears","2024","4","n","",""
"2119","Britney","Spears","","","...Baby One More Time","1999","5","n","",""
"1062256","Britney","Spears","","","Blackout","2007","7","n","",""
"2108","Britney","Spears","","","Britney","2001","5","n","",""
"1806020","Britney","Spears","","","Circus","2008","6","n","",""
"3325657","Britney","Spears","","","Femme Fatale","2011","6","n","",""
"87293","Britney","Spears","","","In the Zone","2003","6","n","",""
"982","Britney","Spears","","","Oops!...I Did It Again","2000","6","n","",""
"16099518","","Specii","","","Unreleased Leaks","2008","6","n","",""
"3795862","","Specii","","","Ușile Vol. 1","2011","8","o","","CD-R"
"7811","Dusty","Springfield","","","Dusty in Memphis","1969","6","n","",""
"8135740","Vince","Staples","","","Big Fish Theory","2017","7","n","",""
"8873","","Starflyer 59","","","Americana","1997","7","n","",""
"14339067","","Steaua de Mare","","","Steaua de Mare","2013","6","n","",""
"1731","","Steely Dan","","","Aja","1977","7","n","",""
"2041","","Stereophonics","","","Performance and Cocktails","1999","0","o","","CD"
"59489","","Stereophonics","","","You Gotta Go There to Come Back","2003","0","o","","CD"
"17044173","The","Stimulators","","","Unplugged Live at Kunstalon","2017","6","n","",""
"4135500","Laura","Stoica","","","Focul","1993","4","n","",""
"15153983","Valeria","Stoica","","","I Don't Like Roses","2020","4","n","",""
"844","The","Stooges","","","The Stooges","1969","8","n","",""
"4393325","The","Strokes","","","Comedown Machine","2013","7","n","",""
"2436","The","Strokes","","","Is This It","2001","9","o","","CD"
"81178","The","Strokes","","","Room on Fire","2003","8","n","",""
"13755680","The","Strokes","","","Room on Fire","2014","7","n","",""
"11125891","The","Strokes","","","The New Abnormal","2020","7","n","",""
"10802338","Harry","Styles","","","Fine Line","2019","6","o","","LP"
"14565043","Harry","Styles","","","Harry's House","2022","4","n","",""
"8206405","Harry","Styles","","","Harry Styles","2017","5","n","",""
"7696651","","Subcarpați","","","Satele Unite ale Balcanilor","2016","5","n","",""
"9946961","","Subcarpați","","","Zori și asfințit","2018","6","n","",""
"1186638","","Şuie paparude","","","Atac la persoane","2003","6","n","",""
"3553277","","Şuie paparude","","","E Suflet În Aparat","2010","5","n","",""
"1186653","","Şuie paparude","","","Scandalos","2004","5","n","",""
"1186626","","Şuie paparude","","","Urban","2000","7","n","",""
"10057","","Swans","","","Filth","1983","9","n","",""
"795922","","Swans","","","Soundtracks for the Blind","2001","0","w","","CD"
"2192747","","Sweet Trip","","","You Will Never Know Why","2009","7","n","",""
"200094","","System of a Down","","","Hypnotize","2005","9","o","","CD"
"211954","","System of a Down","","","Mezmerize","2005","9","n","",""
"27519","","System of a Down","","","Steal This Album!","2002","8","n","",""
"3402","","System of a Down","","","System of a Down","1998","7","n","",""
"2009","","System of a Down","","","Toxicity","2001","9","o","","CD"
"7735717","","SZA","","","Ctrl","2017","7","n","",""
"14993748","","SZA","","","SOS","2022","6","n","",""
"1036","","Talking Heads","","","Remain in Light","1980","9","n","",""
"682465","","Talking Heads","","","Remain in Light","1997","9","o","","CD"
"12676110","","Talking Heads","","","Speaking in Tongues","","8","n","",""
"2779","","Talk Talk","","","Laughing Stock","1991","7","n","",""
"6363797","","Tame Impala","","","Currents","2015","8","n","",""
"14768051","","Tame Impala","","","Lonerism","","6","n","",""
"10767807","","Tame Impala","","","The Slow Rush","2020","7","n","",""
"837882","Serj","Tankian","","","Elect the Dead","2007","7","n","",""
"4225527","The","Taxpayers","","","&#34;God, Forgive These Bastards&#34;: Songs From the Forgotten Life of Henry Turner","2012","5","n","",""
"193957","","Team Sleep","","","Team Sleep","2005","7","n","",""
"4177162","","Teen Suicide","","","I Will Be My Own Hell Because There Is a Devil Inside My Body","2012","5","n","",""
"14934082","","Ternipe","","","Pa mande o cheri","2003","7","n","",""
"10636161","","Thaiboy Digital, Bladee &amp; Ecco2k","","","Trash Island","2019","6","n","",""
"14876913","","They Are Gutting a Body of Water","","","Lucky Styles","2022","6","n","",""
"581753","","Three Days Grace","","","One-X","2006","6","n","",""
"74616","","Three Days Grace","","","Three Days Grace","2003","6","n","",""
"11441448","","Thundercat","","","Drunk","2017","6","n","",""
"688598","","Timpuri Noi","","","Timpuri Noi","1992","8","n","",""
"3337961","","Title Fight","","","Shed","2011","7","n","",""
"1905","","Tool","","","Lateralus","2001","4","n","",""
"850","","Tortoise","","","Millions Now Living Will Never Die","1996","8","n","",""
"852","","Tortoise","","","TNT","1998","8","n","",""
"14628343","","traian","","","îmi e foame","2021","5","n","",""
"16904883","","Trippin","","","3M","2025","5","n","",""
"1723848","","Trooper","","","Electric","2006","5","n","",""
"15044","","Trust Company","","","The Lonely Position of Neutral","2002","6","n","",""
"13218994","","Tyler, The Creator","","","Call Me If You Get Lost","2021","8","n","",""
"6374459","","Tyler, The Creator","","","Cherry Bomb","2015","8","n","",""
"16104678","","Tyler, The Creator","","","Chromakopia","2024","7","n","",""
"16582561","","Tyler, The Creator","","","Don't Tap the Glass","2025","9","n","",""
"8410429","","Tyler, The Creator","","","Flower Boy","2017","9","n","",""
"10255382","","Tyler, The Creator","","","Igor","2019","9","n","",""
"9197218","","Tyler, The Creator","","","Scum Fuck Flower Boy","2017","9","o","","LP"
"3625446","","Tyler, The Creator","","","Wolf","2013","6","n","",""
"27235","","UFO","","","Phenomenon","1974","6","n","",""
"2807890","","Urma","","","Lost End Found","2013","2","n","",""
"4100020","","Vama","","","2012","2012","8","n","",""
"16005860","","Vama","","","Better","2017","4","n","",""
"16005780","","Vama","","","Vama","2008","7","n","",""
"878322","","Vama Veche","","","Vama Veche","1999","10","o","","CD"
"5030","","Vangelis","","","Blade Runner","1994","9","o","","CD"
"4262481","","Van Halen","","","The Best: Classic Airwaves of Van Halen","2012","0","o","","CD"
"8065","","Various Artists","","","Pulp Fiction","1994","8","n","",""
"103098","Viktor","Vaughn","","","Vaudeville Villain","2003","8","n","",""
"176","The","Velvet Underground","","","Loaded","1970","8","n","",""
"6132","The","Velvet Underground","","","Squeeze","1973","5","n","",""
"175","The","Velvet Underground","","","The Velvet Underground","1969","9","n","",""
"128646","The","Velvet Underground","","","The Very Best of The Velvet Underground","2003","9","o","","CD"
"174","The","Velvet Underground","","","White Light / White Heat","1968","7","n","",""
"173","The","Velvet Underground &amp; Nico","","","The Velvet Underground &amp; Nico","1967","9","n","",""
"878356","","Viţa de Vie","","","Exxtra","2001","6","n","",""
"878355","","Viţa de Vie","","","Fenomental","2000","6","n","",""
"2810956","","Viţa de Vie","","","Fetish","2010","7","n","",""
"7584","Tom","Waits","","","Mule Variations","1999","8","n","",""
"294","Tom","Waits","","","Rain Dogs","1985","9","n","",""
"10660992","Doug","Walker &amp; Rob Scallon","","","Nostalgia Critic's The Wall","2019","2","n","",""
"16510843","","Water From Your Eyes","","","It's a Beautiful Place","2025","5","n","",""
"16534590","","Wednesday","","","Bleeds","2025","7","n","",""
"11134874","The","Weeknd","","","After Hours","2020","7","n","",""
"6605193","The","Weeknd","","","Beauty Behind the Madness","2015","6","n","",""
"13442415","The","Weeknd","","","Dawn FM","2022","7","n","",""
"3484586","The","Weeknd","","","Echoes of Silence","2011","6","n","",""
"3395522","The","Weeknd","","","House of Balloons","2011","7","n","",""
"16032629","The","Weeknd","","","Hurry Up Tomorrow","2025","4","n","",""
"4471947","The","Weeknd","","","Kiss Land","2013","5","n","",""
"7706659","The","Weeknd","","","Starboy","2016","6","o","","LP"
"3484584","The","Weeknd","","","Thursday","2011","6","n","",""
"179","","Weezer","","","Weezer [Blue Album]","1994","8","n","",""
"1795900","Kanye","West","","","808s &amp; Heartbreak","2008","6","n","",""
"13397215","Kanye","West","","","Donda","2021","6","n","",""
"11216733","Kanye","West","","","Graduation","","8","n","",""
"10754231","Kanye","West","","","Jesus Is King","2019","7","n","",""
"11216754","Kanye","West","","","Late Registration","2005","9","n","",""
"3050748","Kanye","West","","","My Beautiful Dark Twisted Fantasy","2010","9","n","",""
"14037054","Kanye","West","","","The College Dropout","2004","8","n","",""
"6269116","Kanye","West","","","The Life of Pablo","2016","8","n","",""
"9212358","Kanye","West","","","Ye","2018","7","n","",""
"4568422","Kanye","West","","","Yeezus","2013","9","n","",""
"15518296","Kanye","West &amp; Ty Dolla $ign","","","Vultures","2024","2","n","",""
"16112540","","wifiskeleton","","","Suburban Daredevil","2024","5","n","",""
"2689","","Wilco","","","Yankee Hotel Foxtrot","2002","8","n","",""
"5263575","Pharrell","Williams","","","G I R L","2014","5","n","",""
"669038","Amy","Winehouse","","","Back to Black","2006","9","n","",""
"1321004","Amy","Winehouse","","","Back to Black","2007","9","o","","CD"
"16150076","Cameron","Winter","","","Heavy Metal","2024","8","n","",""
"5734","Stevie","Wonder","","","Innervisions","1973","8","n","",""
"4660","Stevie","Wonder","","","Songs in the Key of Life","1976","8","n","",""
"9076411","","XXXTENTACION","","","?","2018","5","n","",""
"8473810","","XXXTENTACION","","","17","2017","6","n","",""
"10614654","","XXXTENTACION","","","Bad Vibes Forever","2019","1","n","",""
"8291859","","XXXTENTACION","","","Revenge","2017","5","n","",""
"9720271","","XXXTENTACION","","","Skins","2018","2","n","",""
"5722","","Yes","","","Relayer","1974","4","n","",""
"10216147","","Young Nudy &amp; Pi'erre Bourne","","","Sli'merre","2019","5","n","",""
"10480556","","Young Thug","","","So Much Fun","2019","5","n","",""
"9288534","","YUNGBLUD","","","21st Century Liability","2018","1","n","",""
"11290223","","Yung Lean","","","Starz","2020","7","n","",""
"16828210","Sofia","Zadar","","","Ecotranarchy","2025","5","n","",""
"10133","Frank","Zappa","","","Apostrophe (')","1974","8","n","",""
"4390","Frank","Zappa","","","Hot Rats","1969","10","n","",""
"5660993","","Zdob și Zdub","","","Basta Mafia!","2013","6","n","",""
"756537","","Zdob și Zdub","","","Ethnomecanica","2006","7","n","",""
"8850","","µ-Ziq","","","Lunatic Harness","1997","7","n","",""
"6967036","","Батюшка","","Batushka","Литоургиiа","2015","7","n","",""
"9549793","","Молчат Дома","","Molchat Doma","Этажи","2018","7","n","",""
"3728443","","吉村弘","Hiroshi","Yoshimura","Green","1986","7","n","",""
"8159126","","缺省","","Default","California Nebula","2017","7","n","",""
